cable_id,display_name,manufacturer,part_number,family,impedance_ohm,impedance_tol_ohm,od_mm,inner_material,inner_construction,inner_od_mm,dielectric_material,dielectric_od_mm,shield,braid_coverage_pct,jacket,velocity_factor,capacitance_pf_m,inductance_uh_m,dcr_inner_ohm_km,dcr_outer_ohm_km,shielding_db,fmax_mhz,peak_power_kw,voltage_v,voltage_note,bend_radius_single_mm,bend_radius_repeated_mm,weight_kg_km,tensile_kg,temp_min_c,temp_max_c,outdoor_uv,direct_burial,fire_class,connectors,k1_pub_db_100ft,k2_pub_db_100ft,primary_source_id,notes,att_n,f_min_data,f_max_data,k0_fit,k1_fit,k2_fit,fit_rms_pct,pwr_n
BEL-83265,Belden 83265 (RG-178),Belden,83265,RG-178,50,,1.8,Gümüş kaplı bakır kaplı çelik (SCCS),"30 AWG, 7x38 örgülü",0.3,PTFE,0.84,Gümüş kaplı bakır örgü,95,FEP,0.7,95,,761,47.9,,,,750,Mil-Spec değeri (UL AWM 1637: 30 V),25,,7.4,5.4,-70,200,İç/dış mekan,,UL AWM 1637,,,,S014,"Ticari, QPL dışı (M17/93-RG178 karşılığı).",9,1,1000,4.612346084,4.046655204,0.0150212038,0.02307144374,7
BEL-8216,Belden 8216 (RG-174),Belden,8216,RG-174,50,,2.79,Bakır kaplı çelik (BCCS),"26 AWG, 7x34 örgülü",0.48,PE (dolu),1.5,Kalaylı bakır örgü,90,PVC,0.66,101,,318.2,35.1,,,,1100,Gerilim değeri (UL AWM 1354: 30 V),28,,11.9,9.1,-30,75,"Dış mekan - havai (sadece siyah, taşıyıcı tel ile)",,CPR Eca,,,,S006,İç iletken çelik çekirdekli: düşük frekansta kayıp √f yasasından sapar (1 MHz'de 1.9 dB/100ft).,9,1,1000,4.375554082,1.820680239,0.05012760303,0.019705956,9
BEL-84316,Belden 84316 (RG-316),Belden,84316,RG-316,50,,2.5,Gümüş kaplı bakır kaplı çelik (SCCS),"26 AWG, 7x34 örgülü",0.51,PTFE,1.5,Gümüş kaplı bakır örgü,95,FEP,0.7,95,,271,28,,,,900,Mil-Spec değeri,25,,14.9,12,-70,200,"İç/dış mekan, güneş ışığına dayanıklı",,,,,,S015,"Ticari, QPL dışı (M17/113-RG316 karşılığı). Datasheet güç tablosu vermiyor.",13,1,3000,1.444815905,2.398629997,0.01603135979,0.02415457945,0
BEL-83269,Belden 83269 (RG-188),Belden,83269,RG-188,50,,2.54,Gümüş kaplı bakır kaplı çelik (SCCS),"26 AWG, 7x34 örgülü",0.51,PTFE,1.5,Gümüş kaplı bakır örgü,95,PTFE bant,0.7,95,,299.2,28,,,,900,Mil-Spec değeri,25,,16.4,9.5,-70,200,İç mekan,,,,,,S016,"Ticari, QPL dışı (M17/113-RG188 benzeri). Datasheet güç tablosu vermiyor.",9,1,1000,1.597089824,2.281658939,0.0226510131,0.01791084558,0
TMS-LMR100A,Times Microwave LMR-100A (Amphenol),Times Microwave Systems (Amphenol),LMR-100A,LMR (RG-174 alternatifi),50,,2.79,Bakır kaplı çelik (BCCS),Tek tel,0.46,PE (dolu),1.52,Al bant (yapışık değil) + kalaylı bakır örgü,,Siyah PVC,0.66,101,,265.7,31.2,90,,,,,6.35,,13.4,,-40,85,,,,,0.70914,0.00174,S001,Değerler S001 seçim kılavuzundan.,10,30,2500,-0.09606768332,2.329095581,0.00566393217,0.003176584559,10
BEL-8259,Belden 8259 (RG-58),Belden,8259,RG-58,50,,4.9,Kalaylı bakır,"20 AWG, 19x33 örgülü",0.89,PE (dolu),2.97,Kalaylı bakır örgü,95,PVC,0.66,101,,32,12,,,,1900,Gerilim değeri,48,,37.2,19,-30,75,"İç mekan; havai (sadece siyah, taşıyıcı tel ile)",,CPR Eca,,,,S004,Datasheet güç tablosu vermiyor.,9,1,1000,-0.2697567197,1.558403,0.0250278765,0.006838956016,0
MP-RG58CU,Messi & Paoloni RG 58 C/U,Messi & Paoloni,RG 58 C/U,RG-58 C/U,50,,5,,,,,,,,,,,,,,,,,,,,,,,,,,,,,,,S028,Yalnızca katalog zayıflama tablosu (10-1296 MHz).,9,10,1296,-0.1530305965,1.496356675,0.008574142583,0.02078346579,0
BEL-8219,"Belden 8219 (RG-58, köpük PE)",Belden,8219,RG-58 (köpük),54,,4.9,Kalaylı bakır,"20 AWG, 19x32 örgülü",0.94,Köpük PE,2.95,Kalaylı bakır örgü,95,PVC,0.76,85.3,,28.9,13,,,,300,UL CM,48,,38.7,23,,,"Dış mekan havai, UV dayanımlı",,UL CM,,,,S020,Datasheet başlığı '50 Ohm' ama nominal empedans 54 Ω yazıyor.,9,1,1000,-0.003044459559,1.297858332,0.01759608927,0.007208722346,0
BEL-9273,Belden 9273 (RG-223/U),Belden,9273,RG-223/U,50,,5.38,Gümüş kaplı bakır,19 AWG tek tel,0.86,PE (dolu),2.97,Çift gümüş kaplı bakır örgü,95,PVC (kirletmeyen),0.66,101,,28.9,8.2,,,,1400,Mil-Spec değeri,53,,55.1,39,,,İç mekan; havai (sadece siyah),,,,,,S017,"Ticari, QPL dışı (M17/167-00001).",9,1,1000,0.06510085159,1.228278221,0.009506472787,0.01426519114,3
HAR-M17-128-RG400,Harbour M17/128-RG400,Harbour Industries,M17/128-RG400,RG-400,50,2,5,Gümüş kaplı bakır,Örgülü,1,PTFE,2.9,Çift gümüş kaplı bakır örgü,,FEP (kahverengi),0.7,96.5,,,,80,12400,,1900,Maks. gerilim,25.4,,74.4,,-55,200,,,MIL-DTL-17 type IX,,,,S019,Tipik zayıflama. Güç tablosu yayımlanmamış.,9,100,12400,0.04675353427,1.280297612,0.006145658114,0.001525337547,0
TMS-LMR195,Times Microwave LMR-195 (Amphenol),Times Microwave Systems (Amphenol),LMR-195,LMR (RG-58 alternatifi),50,,4.95,Çıplak bakır,Tek tel,0.94,Köpük PE,2.87,Al bant (yapışık) + kalaylı bakır örgü,,Siyah PE (UV korumalı),0.8,79.7,,24.9,16.1,90,,,,,12.7,,32.7,,-40,85,Evet,,,,0.35686,0.00047,S001,Değerler S001 seçim kılavuzundan.,10,30,2500,0.2157823651,1.152277862,0.001842785411,0.005172048693,10
BEL-83242,Belden 83242 (RG-142),Belden,83242,RG-142,50,,4.95,Gümüş kaplı bakır kaplı çelik (SCCS),19 AWG tek tel,0.94,PTFE,2.95,Çift gümüş kaplı bakır örgü,95,FEP,0.7,95,,62.3,7.5,,,,1400,Mil-Spec değeri (UL CMP: 300 V),51,,62.5,46.7,,,"İç (plenum) / dış mekan, UV dayanımlı",,UL CMP,,,,S018,"Ticari, QPL dışı (M17/158-00001). Datasheet güç tablosu vermiyor.",13,1,8000,-0.2114870983,1.192818031,0.004563654635,0.03883210447,0
BEL-9258,Belden 9258 (RG-8X),Belden,9258,RG-8X (mini RG-8),50,,6.15,Çıplak bakır,"16 AWG, 19x29 örgülü",1.45,Köpük PE,3.94,Çıplak bakır örgü,95,PVC,0.82,83,,13.45,10,,,,300,UL CM değeri,61,,55.1,28,-40,80,İç/dış mekan,,"UL CM, CPR Eca",,,,S007,,9,1,1000,0.06135362045,0.9089338871,0.008398334046,0.01162007707,7
TMS-LMR200,Times Microwave LMR-200 (Amphenol),Times Microwave Systems (Amphenol),LMR-200,LMR (RG-58 alternatifi),50,,4.95,Çıplak bakır,Tek tel,1.12,Köpük PE,2.95,Al bant (yapışık) + kalaylı bakır örgü,,Siyah PE (UV korumalı),0.83,80.4,,17.6,16.1,90,,,,,12.7,,32.7,,-40,85,Evet,,,,0.3209,0.00033,S001,Değerler S001 seçim kılavuzundan.,10,30,2500,0.1646120579,1.038275293,0.001328957601,0.003760020437,10
RCB-RWC200PE,Reçber RWC 200 PE (LMR-200 muadili),Reçber Kablo,RWC 200 PE (305061),LMR-200 muadili (5 mm),50,3,5,Elektrolitik bakır,Tek tel,1.12,Fiziksel köpük PE (3 katlı),2.95,Al-Pet-Al folyo (%100) + kalaylı bakır örgü,85,"PE siyah RAL 9011 (PVC 305054, HFFR 305068)",0.85,79,,,,90,,,1300,Maks. çalışma gerilimi (test 3000 V),50,,32,,-30,70,Evet (PE kılıf),Üreticiye göre PE kılıf yeraltına uygun,EN 60332-1-2 (PVC/HFFR); segregasyon sınıfı d,,,,S013,ZAYIFLAMA DEĞERLERİ MAKSİMUMDUR. Katalog s.69. Bakır ağırlığı 19 kg/km.,11,30,5800,0.455882685,0.9804690039,0.002312316,0.0007029622941,0
SSB-AIRCELL5,SSB Aircell 5,SSB-Electronic,Aircell 5,5 mm düşük kayıplı (RG-58 boyutu),50,,5,Oksijensiz bakır (OFC),Tek tel,1.08,Köpük PE (PE-LLC),2.95,PE kaplı bakır folyo (%100) + bakır örgü,72,"Siyah PVC, UV dayanımlı",0.82,82,,20.5,13.6,85,10000,,400,RF tepe gerilimi,25,50,36,12.2,-55,85,Evet (UV dayanımlı PVC),,,,,,S051,Tipik değerler. Güncel SSB değerleri yaklaşık %5 daha düşük (S051 notu). Kesim frekansı 33 GHz. Kurulum sıcaklığı -40..+60 °C.,20,5,10000,0.002742661359,0.919808167,0.002001900807,0.0001893259328,10
MP-AIRBORNE5,Messi & Paoloni Airborne 5,Messi & Paoloni,Airborne 5,5 mm düşük kayıplı (RG-58 boyutu),50,3,5,"Bakır (%99.9, çıplak)",Tek tel,1.13,Fiziksel köpük PE (3 katlı),3,Al-polyester-Al folyo (%100) + örgü,,UV korumalı PE,0.85,76,,17,34,105,,2,,,25,50,23,,-45,70,Evet,Evet,CPR Fca (DoP MP0095),,,,S010,Ekranlama >105 dB (100-2000 MHz). Tekrarlı bükülme: 15 bükülmeye kadar.,21,1.8,6000,0.5914891038,0.8848863249,0.001136648841,0.02262436936,21
BEL-H155A01,Belden H155A01 (H155 PE),Belden,H155A01,H155,50,,5.4,Çıplak bakır,16 AWG örgülü,1.41,Köpük PE,3.9,Al/poly/Al folyo (%100) + kalaylı bakır örgü,80,PE (siyah),0.8,84,,15.4,,85,,,,,,,,10.2,-30,70,Dış mekan,,Halojensiz (IEC 60754),,,,S008,DCR değeri maksimumdur. Ekranlama 30-1000 MHz için. Maks. zayıflama nominalin %10 üstü. Datasheet güç tablosu vermiyor.,18,5,6000,0.749812917,0.789471498,0.004029552049,0.01474155097,0
MP-HYPERFLEX5,Messi & Paoloni Hyperflex 5,Messi & Paoloni,Hyperflex 5,5.4 mm düşük kayıplı,50,3,5.4,Bakır,19x0.29 mm örgülü,1.4,Fiziksel köpük PE (3 katlı),3.7,Bakır folyo (%100) + bakır örgü (120 tel),88,UV dayanımlı PVC (siyah),0.87,74,,14,11,105,,2.9,,,25,50,44,,-45,70,Evet (UV),,"IEC 60332-1-2, CPR (DoP MP0097)","UHF (PL), N, BNC, SMA, TNC",,,S023,Kılıf kıvılcım testi 4 kV.,21,1.8,6000,0.4199666096,0.712108284,0.003034271123,0.02855531188,21
TMS-LMR240,Times Microwave LMR-240 (Amphenol),Times Microwave Systems (Amphenol),LMR-240,LMR (RG-8X alternatifi),50,,6.1,Bakır,Tek tel,1.42,Köpük PE,3.81,Al bant (yapışık) + kalaylı bakır örgü,,"PE (siyah, UV korumalı)",0.84,79.4,0.2,10.5,12.76,90,8000,5.6,1500,Dielektrik dayanım (DC),19.05,63.5,49.1,36.29,-40,85,Evet,,,,0.24208,0.00033,S003,k1/k2: S001. Kesim (cutoff) frekansı 31 GHz.,12,30,5800,-0.1829325689,0.8083818724,0.0009087867417,0.004472433754,10
RCB-RWC240PE,Reçber RWC 240 PE (LMR-240 muadili),Reçber Kablo,RWC 240 PE (305062),LMR-240 muadili (6 mm),50,3,6,Elektrolitik bakır,Tek tel,1.4,Fiziksel köpük PE (3 katlı),3.8,Al-Pet-Al folyo (%100) + kalaylı bakır örgü,85,"PE siyah RAL 9011 (PVC 305055, HFFR 305069)",0.85,79,,,,90,,,1300,Maks. çalışma gerilimi (test 3000 V),60,,43,,-30,70,Evet (PE kılıf),Üreticiye göre PE kılıf yeraltına uygun,EN 60332-1-2 (PVC/HFFR); segregasyon sınıfı d,,,,S013,ZAYIFLAMA DEĞERLERİ MAKSİMUMDUR. Katalog s.70. Bakır ağırlığı 26 kg/km.,11,30,5800,0.5010521725,0.7498686568,0.00200236508,0.0002736155216,0
RCB-RG213U-PE,Reçber RG 213 U PE,Reçber Kablo,RG 213 U PE (305060),RG-213/U,50,3,10.3,Elektrolitik bakır,7x0.75 mm örgülü,2.25,LDPE (dolu),7.25,Elektrolitik bakır örgü,95,"PE siyah RAL 9011 (PVC 305053, HFFR 305067)",0.66,101,,,,,,,5000,Maks. çalışma gerilimi (test 10000 V),103,,135,,-30,70,Evet (PE kılıf),Üreticiye göre PE kılıf yeraltına uygun,MIL-C-17F/G; EN 60332-1-2 (PVC/HFFR),,,,S013,ZAYIFLAMA DEĞERLERİ MAKSİMUMDUR. Katalog s.68. Bakır ağırlığı 70 kg/km.,9,1,1000,0.2498101997,0.5502309066,0.009990322115,8.495904798e-05,0
BEL-8267,Belden 8267 (RG-213/U),Belden,8267,RG-213/U,50,,10.3,Çıplak bakır,"13 AWG, 7x21 örgülü",2.26,PE (dolu),7.24,Çıplak bakır örgü,95,PVC (kirletmeyen),0.66,101,,5.58,3.9,,,,3700,Mil-Spec değeri (UL CMX: 300 V),100,,154.8,83.5,-40,80,İç mekan,,"UL CMX, VW-1, CPR Eca",,,,S005,"Ticari, QPL dışı (M17/163-00001 karşılığı).",10,1,4000,0.03279447035,0.5187426714,0.009562302182,0.03044309759,10
BEL-8268,Belden 8268 (RG-214/U),Belden,8268,RG-214/U,50,,10.8,Gümüş kaplı bakır,"13 AWG, 7x21 örgülü",2.26,PE (dolu),7.24,Çift gümüş kaplı bakır örgü,95,PVC (kirletmeyen),0.66,101,,5.58,2.3,,,,3700,Mil-Spec değeri (UL CMX: 300 V),108,,194.9,102,-40,80,İç mekan; havai (sadece siyah),,"UL CMX, VW-1, CPR Eca",,,,S022,"Ticari, QPL dışı (M17/164-00001).",10,1,4000,0.01427955287,0.5354747683,0.008525792606,0.03544053745,8
MP-RG213U,Messi & Paoloni RG 213/U,Messi & Paoloni,RG 213/U,RG-213/U,50,,10.3,,,,,,,,,,,,,,,,,,,,,,,,,,,,,,,S028,Yalnızca katalog zayıflama tablosu (10-1296 MHz). M&P'nin folyolu 'RG 213 Plus' sürümü ayrı bir üründür.,9,10,1296,0.4296312319,0.5140637691,0.006747411557,0.01377785379,0
SSB-AIRCELL7,SSB Aircell 7,SSB-Electronic,Aircell 7,7.3 mm süper esnek düşük kayıplı,50,,7.3,Oksijensiz bakır,19x0.37 mm örgülü,1.85,"Köpük PE (PE-LLC, gaz oranı >%70)",5,PE kaplı bakır folyo (%100) + bakır örgü,70,"Siyah PVC, UV dayanımlı",0.83,75,,8.6,8.5,83,6000,,700,RF tepe gerilimi,25,50,72,2.04,-30,80,Evet (UV dayanımlı PVC),,,,,,S049,"Tipik değerler. Güncel SSB değerleri yaklaşık %5 daha düşük (S049 notu). Ekranlama metinde >85 dB, tabloda 83 dB @1 GHz.",20,5,6000,0.3365188487,0.5668952203,0.003253053795,0.008126531559,6
TMS-LMR300,Times Microwave LMR-300 (Amphenol),Times Microwave Systems (Amphenol),LMR-300,LMR,50,,7.62,Çıplak bakır,Tek tel,1.78,Köpük PE,4.83,Al bant (yapışık) + kalaylı bakır örgü,,Siyah PE (UV korumalı),0.85,79.1,,6.96,7.25,90,,,,,22.2,,81.8,,-40,85,Evet,,,,0.19193,0.00033,S001,Değerler S001 seçim kılavuzundan.,10,30,2500,0.2905828844,0.5975420573,0.001594551238,0.01112400977,10
CS-FSJ1-50A,"CommScope FSJ1-50A (1/4"" Superflex)",CommScope (Andrew),FSJ1-50A,"1/4"" HELIAX süper esnek",50,1,7.366,Bakır kaplı alüminyum (CCA),Tek tel,2.032,Köpük PE,4.826,Oluklu bakır (6.35 mm),,Siyah PE,0.84,79,,9.84,6.56,,18000,6.4,3000,DC test gerilimi,25.4,25.4,74.4,68,-55,85,Evet,,,,,,S031,,47,0.5,18000,-0.0001055945637,0.5752749026,0.001364400883,0.0002088598869,47
RFS-SCF14-50J,"RFS CELLFLEX SCF14-50J (1/4"")",RFS,SCF14-50J,"1/4"" süper esnek oluklu",50,1,7.8,Bakır kaplı alüminyum (CCA),Tek tel,1.9,Köpük PE,4.3,Oluklu bakır (6.5 mm),,"Siyah PE (UV, UL1581)",0.81,82,0.207,10.5,9,,20400,5.5,740,RF tepe gerilimi,,25,60,61.2,-50,85,Evet,,IEC 60754-1/-2,,,,S029,PIM min. -160 dBc.,17,1,20400,0.002412257941,0.5659821868,0.001600429585,0.0001629594275,17
MP-ULTRAFLEX7,Messi & Paoloni Ultraflex 7,Messi & Paoloni,Ultraflex 7,7.3 mm düşük kayıplı,50,3,7.3,Bakır,19x0.38 mm örgülü,1.9,Fiziksel köpük PE,5,PE katmanlı folyo + örgü,,UV dayanımlı PVC (siyah),0.83,75,,7.3,9.8,105,,8,,,34,68,69,,-40,60,Evet (UV),,"IEC 60332-1-2, CPR Eca (DoP MP00100)",,,,S024,,23,1.8,8000,0.3559155115,0.5019211289,0.002825443126,0.02423805938,23
ERI-TZC50032,Ericsson TZC 500 32 (RG-8 tipi),Ericsson,TZC 500 32,"Modifiye RG-8, düşük kayıplı",50,2,10.16,Masif bakır,AWG 10 tek tel,2.74,Köpük PE (iletkene yapışık),7.25,"Al folyo (%100, dielektriğe yapışık) + kalaylı bakır örgü",85,"Siyah LDPE, halojensiz",,78,,4.6,5.9,,4000,,600,Anma gerilimi AC (delinme 2600 V DC),100,,128,153,-40,80,Evet,,Halojensiz,,,,S041,ZAYIFLAMA DEĞERLERİ MAKSİMUMDUR. DC dirençleri maksimum değerdir.,5,140,1900,0.8462099787,0.4142039474,0.001580544345,0.01335101103,0
DAV-BURYFLEX,Davis RF BURY-FLEX,Davis RF (Orion Wire),BURY-FLEX,10.3 mm köpük PE (RG-8 boyutu),50,,10.3,Çıplak bakır,9.5 AWG örgülü,,Köpük PE,,Yapışık folyo (%100) + kalaylı bakır örgü,97,UV dayanımlı siyah PE,0.82,80.7,,,,,,,,,50.8,,148.8,,,,Evet,Evet,,,,,S040,Distribütör sayfası verisi; üretici datasheet'i bulunamadı.,8,10,1000,0.7572881608,0.3785414252,0.002734579766,0.0157241987,0
RFS-SCF38-50J,"RFS CELLFLEX SCF38-50J (3/8"")",RFS,SCF38-50J,"3/8"" süper esnek oluklu",50,1,10.2,Bakır kaplı alüminyum (CCA),Tek tel,2.6,Köpük PE,6.3,Oluklu bakır (9.1 mm),,Siyah PE,0.82,82,,5.3,5.6,,13400,11.9,1090,RF tepe gerilimi,,25,113,61.2,-50,85,Evet,,Halojensiz (IEC 60754-1/-2),,,,S030,,20,100,6000,0.002517193724,0.4046434019,0.001601367444,0.0002473515466,20
BEL-9914,"Belden 9914 (RG-8, köpük PE)",Belden,9914,RG-8 (köpük),50,,10.2,Çıplak bakır,10 AWG tek tel,2.62,Gaz enjeksiyonlu köpük PE,7.24,Duobond II folyo (%100) + kalaylı bakır örgü,95,PVC,0.82,81.4,,3.28,4.3,,,,600,Gerilim değeri (UL CMG: 300 V),100,,156.2,112,,,İç/dış mekan; havai (sadece siyah),,UL CMG,,,,S038,,15,5,4000,0.4725788708,0.3702505746,0.00215122579,0.01853771427,13
SSB-ECOFLEX10,SSB Ecoflex 10,SSB-Electronic,Ecoflex 10,10.2 mm düşük kayıplı (RG-213 boyutu),50,,10.2,Oksijensiz bakır,7x1.0 mm örgülü,2.85,"Köpük PE (PE-LLC, gaz oranı >%70)",7.25,PE kaplı bakır folyo (%100) + bakır örgü,72,"Siyah PVC, UV stabilize",0.85,78,,3.3,8.4,90,6000,,1000,Maks. gerilim,40,,131,5.1,-40,85,Evet (UV stabilize PVC),,,,,,S048,Tipik değerler. Güncel SSB değerleri yaklaşık %5 daha düşük (S048 notu). Plus / FRNC / Heatex sürümleri ayrı ürünlerdir.,20,5,6000,-0.07861395111,0.3923028328,0.001863755149,0.005103163351,9
BEL-H1000C1,Belden H1000C1 (H1000),Belden,H1000C1,H1000 (RG-8 boyutu),50,,10.3,Çıplak bakır,10 AWG tek tel,2.62,Köpük PE,7.15,Bakır/poly folyo (%100) + çıplak bakır örgü,50,PE,0.83,80,,3.5,12,,,,,,,,,,-60,70,Dış mekan,,,,,,S039,Maks. zayıflama nominalin %10 üstü. Datasheet güç tablosu vermiyor.,14,5,10000,-0.05920762762,0.3814580407,0.002080440492,0.007544572889,0
RCB-RWC400PE,Reçber RWC 400 PE (LMR-400 muadili),Reçber Kablo,RWC 400 PE (305064),LMR-400 muadili (10.2 mm),50,3,10.2,Elektrolitik bakır,"Tek tel (Class 1, IEC 60228)",2.7,Fiziksel köpük PE (3 katlı),7.2,Al-Pet-Al folyo (%100) + kalaylı bakır örgü,85,"PE siyah RAL 9011 (80 °C, EN 50290-2-24); PVC (305057) ve HFFR (305071) seçenekleri var",0.85,78.5,,,,90,,,2000,Maks. çalışma gerilimi (test gerilimi 5000 V),102,,128,,-30,70,Evet (PE kılıf: açık hava),Üreticiye göre PE kılıf yeraltı uygulamalarına uygun,"EN 60332-1-2 (PVC/HFFR); HFFR: EN 60754-1/2, EN 61034-2; segregasyon sınıfı d (EN 50174-2)","BNC, TNC, SMA, N (üretici metni)",,,S013,"ZAYIFLAMA DEĞERLERİ MAKSİMUMDUR (diğer kabloların çoğu tipik/nominal) - karşılaştırmada dikkat. Bükülme yarıçapı 10×D. VF %85±2, kapasite ±2 pF/m. Yalıtım direnci min. 2 GΩ·km. EN 50117, IEC 61196. Bakır ağırlığı 82 kg/km. Geri dönüş kaybı >23 dB (30-1000 MHz), >20 dB (1-3 GHz). Güç değeri yayımlanmamış. Konnektör Sepeti AUNN-155-RWC400 hazır N-N kablosu bu kabloyu kullanıyor (S012; o sayfa empedansı ±2 Ω yazıyor).",11,30,5800,0.301624086,0.3698229463,0.00180319811,0.0004223000655,0
TMS-LMR400,Times Microwave LMR-400 (Amphenol),Times Microwave Systems (Amphenol),LMR-400,LMR (RG-8/RG-213 alternatifi),50,,10.29,Bakır kaplı alüminyum (CCA),Tek tel,2.74,Köpük PE,7.24,Al bant (yapışık) + kalaylı bakır örgü,,"PE (siyah, UV korumalı)",0.85,78.41,0.2,4.56,5.41,90,6000,16,2500,Dielektrik dayanım (DC),25.4,101.6,99.7,72.57,-40,85,Evet,,,,0.12229,0.00026,S002,k1/k2: S001. Fairview kopyası frekans aralığını DC-6 GHz verir; tabloda 5.8 GHz değeri var.,12,30,5800,0.1135719419,0.392073134,0.0009925886721,0.01036783252,10
MP-ULTRAFLEX10,Messi & Paoloni Ultraflex 10,Messi & Paoloni,Ultraflex 10,10.3 mm düşük kayıplı (RG-213 boyutu),50,3,10.3,Bakır,7x1.0 mm örgülü,2.9,Fiziksel köpük PE,7.3,Folyo (%100) + bakır örgü (144 tel),71,,0.83,78,,3.2,9.2,105,,13,,,40,80,130,,,,,,"IEC 60332-1-2, CPR (DoP MP00102)","UHF (PL), N, BNC, SMA, TNC, 7/16",,,S025,Kılıf kıvılcım testi 8 kV.,23,1.8,8000,0.3439986865,0.3148593684,0.003364190016,0.02966679709,23
MP-HYPERFLEX10,Messi & Paoloni Hyperflex 10,Messi & Paoloni,Hyperflex 10,10.3 mm düşük kayıplı (RG-213 boyutu),50,3,10.3,Bakır,19x0.59 mm örgülü,2.9,Fiziksel köpük PE (3 katlı),7.3,Bakır folyo (%100) + bakır kaplı alüminyum örgü (192 tel),85,UV dayanımlı PVC (siyah),0.87,78,,3.6,12,105,,13,,,40,80,112,,-40,60,Evet (UV dayanımlı),,"IEC 60332-1-2, CPR (DoP MP00103)","UHF (PL-259), N, BNC, SMA, TNC, 7/16",,,S009,Kılıf kıvılcım testi 8 kV. Tekrarlı bükülme: 15 bükülmeye kadar.,25,1.8,10000,0.2662028956,0.3440895497,0.001733780376,0.04362342821,24
BEL-H2000FLEX,Belden H2000 Flex,Belden,H2000 Flex,10.3 mm köpük PE (RG-213 boyutu),50,2,10.3,Çıplak bakır,Tek tel,2.62,Fiziksel köpük PE,7.15,Bakır folyo + bakır örgü (0.12 mm),50,PVC (kirletmeyen),0.83,80,,,,,,,,,50,100,140,,,,,,,,,,S053,Nominal değerler. DC direnç 1.1 Ω/100 m (iç/dış belirtilmemiş). Bakır ağırlığı 70 g/m. Bazı satıcılar PE/FRNC kılıflı sürüm listeliyor. Belden güncel kataloğunda yok - üretimden kalkmış olabilir.,24,7,10000,-0.009023053717,0.3761697318,0.00163632244,0.008318155148,7
CS-FSJ2-50,"CommScope FSJ2-50 (3/8"" Superflex)",CommScope (Andrew),FSJ2-50,"3/8"" HELIAX süper esnek",50,,10.4,Bakır kaplı alüminyum (CCA),Tek tel,2.8,Köpük PE,,Oluklu bakır (9.7 mm),,Siyah PE,0.83,79.7,,,,,13400,13.2,2300,DC test gerilimi,25,,120,95,,,Evet,,,,,,S032,,57,0.5,13400,-0.0002828183481,0.3816262915,0.001265907594,0.0001757208755,57
MP-AIRBORNE10,Messi & Paoloni Airborne 10,Messi & Paoloni,Airborne 10,"10.3 mm düşük kayıplı, hafif",50,3,10.3,Tek tel,Tek tel,2.78,Fiziksel köpük PE,7.3,Folyo + bakır kaplı alüminyum örgü (192 tel),85,UV korumalı PE,0.87,74,,4.4,12,105,,14.5,,,65,103,71,,-45,70,Evet,Evet,CPR (DoP MP0096),"UHF (PL), N, BNC, SMA, TNC, 7/16",,,S026,,25,1.8,12000,0.1597818916,0.3226195432,0.00125093948,0.02076575097,24
WFX-103,Westflex 103,Westflex,Westflex 103,10.3 mm yarı hava aralıklı (RG-213 boyutu),50,,10.3,Çıplak bakır,Tek tel,2.65,"Yarı hava aralıklı PE, 5 hücreli ekstrüzyon",7.2,"Bakır bant + bakır örgü (toplam %100 kaplama), dış iletken Ø8 mm",,PVC,0.85,78,,,,,,,5000,Maks. çalışma gerilimi (RMS),55,,150,,-40,80,,,,,,,S052,Üretici belgesi 2007 tarihli. Satıcı kaynaklarında farklı yapı/kayıp değerleri var (S052 notu). 50-144 MHz noktaları birbiriyle tutarsız; QA sapması yüksek. Güç tablosu yayımlanmamış.,13,10,5000,-0.1999706046,0.3433773,0.002364368346,0.06154772656,0
CS-FSJ4-50B,"CommScope FSJ4-50B (1/2"" Superflex)",CommScope (Andrew),FSJ4-50B,"1/2"" HELIAX süper esnek",50,,13.2,Bakır kaplı alüminyum (CCA),Tek tel,3.6,Köpük PE,,Oluklu bakır (12.2 mm),,Siyah PE,0.81,82.7,,,,,10200,15.6,2500,DC test gerilimi,32,,210,79,,,Evet,,,,,,S033,,42,0.5,10200,0.0001317238051,0.3253317024,0.001532700664,0.001395523308,42
CS-LDF2-50,"CommScope LDF2-50 (3/8"" HELIAX)",CommScope (Andrew),LDF2-50,"3/8"" HELIAX LDF (oluklu)",50,1,11.176,Bakır kaplı alüminyum (CCA),Tek tel,3.048,Köpük PE,8.636,Oluklu bakır (9.652 mm),,Siyah PE,0.88,75.5,0.19,3.48,2.85,,13000,15.6,4000,DC test gerilimi,40.64,95.25,119,113,-55,85,Evet,,,,,,S034,,44,0.5,12000,-3.243818718e-05,0.3313281562,0.001076140528,0.0002890725732,44
TMS-LMR500,Times Microwave LMR-500 (Amphenol),Times Microwave Systems (Amphenol),LMR-500,LMR,50,,12.7,Bakır kaplı alüminyum (CCA),Tek tel,3.61,Köpük PE,9.4,Al bant (yapışık) + kalaylı bakır örgü,,Siyah PE (UV korumalı),0.86,77.4,,2.69,4.17,90,,,,,31.8,,144.3,,-40,85,Evet,,,,0.09659,0.00026,S001,Değerler S001 seçim kılavuzundan.,10,30,2500,0.007569508528,0.3172646508,0.0008487339479,0.003715163319,10
GEN-10D-FB,10D-FB (2020 numune spesifikasyonu),Belirtilmemiş,10D-FB,10D-FB (JIS boyut tanımı),50,2,13.1,Çıplak bakır,8 AWG tek tel (1/3.50 mm),3.5,Köpük PE,9.7,Çift Al folyo + kalaylı bakır örgü (24x9/0.18),95,Siyah PE,,81.5,,2.102,,,,,,,,,,,-60,70,,,,,,,S042,10D-FB birçok üreticinin kullandığı bir boyut tanımı; değerler bu numuneye ait. DCR maksimum değerdir.,9,50,2450,-0.1694704052,0.3092537319,0.001261488817,0.01351164132,0
MP-ULTRAFLEX13,Messi & Paoloni Ultraflex 13,Messi & Paoloni,Ultraflex 13,"12.7 mm (1/2"") düşük kayıplı",50,,12.7,,19 telli örgülü,,,,,,,,,,,,,,,,,,,,,,,,,,,,,S028,Yalnızca katalog zayıflama tablosu; datasheet erişilemedi (404). Satıcılar ürünü 'artık mevcut değil' gösteriyor.,11,10,5000,0.1200819235,0.2614245295,0.001795289539,0.02651455066,0
MP-HYPERFLEX13,Messi & Paoloni Hyperflex 13,Messi & Paoloni,Hyperflex 13,"12.7 mm (1/2"") düşük kayıplı",50,3,12.7,Bakır,37x0.56 mm örgülü,3.8,Fiziksel köpük PE,9.9,,,,0.86,75,,2,9.5,105,,20,,,80,127,180,,-40,60,,,CPR Eca (DoP MP00109),,,,S027,,26,1.8,12000,0.11458464,0.2642904022,0.001403557446,0.02535324169,24
SSB-ECOFLEX15,SSB Ecoflex 15,SSB-Electronic,Ecoflex 15,14.6 mm düşük kayıplı,50,,14.6,Oksijensiz bakır,7x1.55 mm örgülü,4.5,Köpük PE (PE-LLC),11.3,PE kaplı bakır folyo (%100) + bakır örgü,72,"Siyah PVC, UV dayanımlı",0.86,77,,1.56,5.15,90,6000,,1550,RF tepe gerilimi,70,140,258,12.2,-55,85,Evet (UV dayanımlı PVC),,,,,,S050,Tipik değerler. Kurulum sıcaklığı -40..+60 °C. Plus / FRNC / Heatex sürümleri ayrı ürünlerdir.,20,5,6000,-0.002443121614,0.2672800384,0.001354087132,0.003347481087,8
TMS-LMR600,Times Microwave LMR-600 (Amphenol),Times Microwave Systems (Amphenol),LMR-600,LMR,50,,14.99,Bakır kaplı alüminyum (CCA),Tek tel,4.47,Köpük PE,11.56,Al bant (yapışık) + kalaylı bakır örgü,,Siyah PE (UV korumalı),0.87,76.8,,1.74,3.94,90,,,,,38.1,,194.9,,-40,85,Evet,,,,0.07555,0.00026,S001,Değerler S001 seçim kılavuzundan.,10,30,2500,-0.005849523378,0.2487311815,0.0008296733381,0.0007828357392,10
CS-LDF4-50A,"CommScope LDF4-50A (1/2"" HELIAX)",CommScope,LDF4-50A,"1/2"" HELIAX LDF (oluklu)",50,1,15.875,Bakır kaplı alüminyum (CCA),Tek tel,4.826,Köpük PE,12.954,Oluklu bakır boru (13.97 mm),,"PE (siyah, halojensiz)",0.88,75.8,0.19,1.48,2.69,,8800,40,4000,DC test gerilimi,50.8,127,220,113,-55,85,Evet,,CPR Fca,,,,S011,"Zayıflama değerleri tipik, %5 içinde garanti. Kurulum sıcaklığı -40..+60 °C.",60,1,8800,-0.0001301450414,0.2106327939,0.000623283589,0.0001658155589,60
TMS-LMR900,Times Microwave LMR-900 (Amphenol),Times Microwave Systems (Amphenol),LMR-900,LMR,50,,22.1,Bakır boru,Boru,6.65,Köpük PE,17.27,Al bant (yapışık) + kalaylı bakır örgü,,Siyah PE (UV korumalı),0.87,76.8,,1.77,1.8,90,,,,,76.2,,395.8,,-40,85,Evet,,,,0.05177,0.00016,S001,Değerler S001 seçim kılavuzundan.,10,30,2500,-0.004024653719,0.170488276,0.0005037588338,0.0008609061908,10
TMS-LMR1200,Times Microwave LMR-1200 (Amphenol),Times Microwave Systems (Amphenol),LMR-1200,LMR,50,,30.48,Bakır boru,Boru,8.86,Köpük PE,23.37,Al bant (yapışık) + kalaylı bakır örgü,,Siyah PE (UV korumalı),0.88,75.8,,1.05,1.21,90,,,,,165.1,,666.6,,-40,85,Evet,,,,0.03737,0.00016,S001,Değerler S001 seçim kılavuzundan.,10,30,2500,-0.003669785883,0.1230090331,0.0005153142795,0.001775854977,10
CS-LDF5-50A,"CommScope LDF5-50A (7/8"" HELIAX)",CommScope (Andrew),LDF5-50A,"7/8"" HELIAX LDF (oluklu)",50,,27.4,Bakır boru,Boru,9.1,Köpük PE,,Oluklu bakır (24.9 mm),,Siyah PE,0.89,74.8,,,,,5000,91,6000,DC test gerilimi,250,,490,147,,,Evet,,,,,,S035,Kaynak 2002 Andrew datasheet'i. Ürün üretimden kalkmış olabilir (CommScope'ta AVA5-50 öneriliyor; doğrulanmadı).,44,0.5,5000,0.0001171569364,0.1142619058,0.0005017290907,0.0005268180321,44
TMS-LMR1700,Times Microwave LMR-1700 (Amphenol),Times Microwave Systems (Amphenol),LMR-1700,LMR,50,,42.42,Bakır boru,Boru,13.39,Köpük PE,34.29,Al bant (yapışık) + kalaylı bakır örgü,,Siyah PE (UV korumalı),0.89,74.8,,0.69,0.89,90,,,,,342.9,,1095.2,,-40,85,Evet,,,,0.02646,0.00016,S001,Değerler S001 seçim kılavuzundan.,10,30,2500,-0.002941822642,0.08710122058,0.0005083349549,0.001480241046,10
CS-LDF6-50,"CommScope LDF6-50 (1-1/4"" HELIAX)",CommScope (Andrew),LDF6-50,"1-1/4"" HELIAX LDF (oluklu)",50,,39.4,Bakır boru,Boru,13.2,Köpük PE,,Oluklu bakır (35.8 mm),,Siyah PE,0.89,75.1,,,,,3300,205,9000,DC test gerilimi,380,,940,590,,,Evet,,,,,,S036,Kaynak 2004 Andrew datasheet'i.,33,0.5,3300,-0.0002901882245,0.07498816461,0.0004335712455,0.001481171167,33
CS-LDF7-50A,"CommScope LDF7-50A (1-5/8"" HELIAX)",CommScope (Andrew),LDF7-50A,"1-5/8"" HELIAX LDF (oluklu)",50,,50.3,Oluklu bakır boru,Boru,17.3,Köpük PE,,Oluklu bakır (46.2 mm),,Siyah PE,0.88,75.8,,,,,2500,315,11000,DC test gerilimi,510,,1340,408,,,Evet,,,,,,S037,Kaynak 2003 Andrew datasheet'i.,37,0.5,2500,-0.0003557676745,0.06259343161,0.0004548700015,0.0009975634122,37
BEL-83264,"Belden 83264 (RG-179, 75 Ω)",Belden,83264,RG-179,75,,2.54,Gümüş kaplı bakır kaplı çelik (SCCS),"30 AWG, 7x38 örgülü",0.3,PTFE,1.6,Gümüş kaplı bakır örgü,95,FEP,0.7,64,,761,28,,,,900,Mil-Spec değeri,25,,14.9,7.7,-70,200,İç/dış mekan,,,,,,S043,"Ticari, QPL dışı (M17/94-RG179).",9,1,1000,7.48717925,2.795026374,-0.02116527605,0.04574088708,7
BEL-8263,"Belden 8263 (RG-59B/U, 75 Ω)",Belden,8263,RG-59B/U,75,,6.12,Bakır kaplı çelik (BCCS),23 AWG tek tel,0.58,PE (dolu),3.71,Çıplak bakır örgü,95,PVC (kirletmeyen),0.66,67.3,0.377,160.8,8.5,,,,1700,UL dışı değer (UL: 150 V),63.5,,53.6,35.4,-40,60,,,UL CMX; MIL-C-17D,,,,S044,,9,1,1000,1.029267083,0.8693122447,0.01112771781,0.03266489154,0
BEL-8261,"Belden 8261 (RG-11/U dolu PE, 75 Ω)",Belden,8261,RG-11/U,75,,10.3,Kalaylı bakır,"18 AWG, 7x26 örgülü",1.22,PE (dolu),7.24,Çıplak bakır örgü,95,PVC (kirletmeyen),0.66,67.3,,20,3.9,,,,3700,Gerilim değeri (RMS),,,141.4,64.9,,,İç/dış mekan,,VW-1,,,,S047,,9,1,1000,0.04751734159,0.6178175407,0.003705962755,0.04673458571,0
BEL-1694A,"Belden 1694A (RG-6, 75 Ω)",Belden,1694A,RG-6,75,,6.96,Çıplak bakır,18 AWG tek tel,1.02,Köpük PE,4.57,Duofoil (%100) + kalaylı bakır örgü,95,PVC,0.82,53.1,,21,12,,,,300,UL CMR,69.9,,61,31,-30,75,"İç/dış mekan, UV dayanımlı",,"UL CMR, CPR Eca",,,,S045,SDI video kablosu.,27,1,6000,0.2519441663,0.6152832975,0.001224064083,0.03715505128,0
BEL-9292,"Belden 9292 (RG-11, 75 Ω)",Belden,9292,RG-11,75,,10.3,Çıplak bakır,14 AWG tek tel,1.63,Köpük PE,7.11,Duofoil (%100) + kalaylı bakır örgü,60,PVC,0.84,52.8,,8.2,9.8,,,,300,Gerilim değeri,100,,114.6,44,-35,75,İç/dış mekan,,,,,,S046,,9,1,1000,0.3198034695,0.3581290908,0.00167971259,0.06135697155,0
BEL-9269,"Belden 9269 (RG-62A/U, 93 Ω)",Belden,9269,RG-62A/U,93,,6.07,Bakır kaplı çelik (BCCS),22 AWG tek tel,0.64,Yarı dolu PE (spiral monofilament + PE tüp),3.71,Çıplak bakır örgü,95,PVC,0.84,44.3,,135.2,9.5,,,,300,UL CM,61,,50.6,40,,,"İç/dış mekan, güneş ışığına dayanıklı (siyah)",,UL CM,,,,S021,93 Ω - 50 Ω sistemlerde doğrudan kullanılmaz (eski tablo 50 Ω yazıyordu).,9,1,1000,0.1239437563,0.8659867895,0.0008601130071,0.01361004726,0
