cable_id,band,freq_mhz,att_db_100m,att_db_100ft,extrapolated
BEL-83265,160 m,1.8,10.37573643,3.162524465,0
BEL-83265,80 m,3.5,12.9494059,3.946978918,0
BEL-83265,40 m,7,16.31388729,4.972472845,0
BEL-83265,20 m,14,20.95304974,6.386489562,0
BEL-83265,15 m,21,24.5484658,7.482372375,0
BEL-83265,10 m,28,27.46771245,8.372158754,0
BEL-83265,6 m,50,34.4488189,10.5,0
BEL-83265,2 m,144,53.93656028,16.43986357,0
BEL-83265,70 cm,432,95.45299871,29.09407401,0
BEL-83265,23 cm,1296,183.367175,55.89031495,1
BEL-8216,160 m,1.8,7.176998585,2.187549169,0
BEL-8216,80 m,3.5,8.417528142,2.565662578,0
BEL-8216,40 m,7,9.93938769,3.029525368,0
BEL-8216,20 m,14,12.18151174,3.712924778,0
BEL-8216,15 m,21,14.04113764,4.279738753,0
BEL-8216,10 m,28,15.53030303,4.733636363,0
BEL-8216,6 m,50,19.02887139,5.8,0
BEL-8216,2 m,144,33.96878121,10.35368451,0
BEL-8216,70 cm,432,65.42237683,19.94074046,0
BEL-8216,23 cm,1296,140.0195809,42.67796827,1
BEL-84316,160 m,1.8,4.842490719,1.475991171,0
BEL-84316,80 m,3.5,6.120368021,1.865488173,0
BEL-84316,40 m,7,7.812590104,2.381277464,0
BEL-84316,20 m,14,10.31774289,3.144848032,0
BEL-84316,15 m,21,12.39944146,3.779349758,0
BEL-84316,10 m,28,14.12646456,4.305746399,0
BEL-84316,6 m,50,18.37270341,5.6,0
BEL-84316,2 m,144,33.05890051,10.07635288,0
BEL-84316,70 cm,432,59.85997297,18.24531976,0
BEL-84316,23 cm,1296,110.2205979,33.59523823,0
BEL-84316,13 cm,2400,154.855643,47.2,0
BEL-84316,6 cm,5760,255.0263166,77.73202131,1
BEL-83269,160 m,1.8,4.842490719,1.475991171,0
BEL-83269,80 m,3.5,6.120368021,1.865488173,0
BEL-83269,40 m,7,7.812590104,2.381277464,0
BEL-83269,20 m,14,10.31774289,3.144848032,0
BEL-83269,15 m,21,12.39944146,3.779349758,0
BEL-83269,10 m,28,14.12646456,4.305746399,0
BEL-83269,6 m,50,18.37270341,5.6,0
BEL-83269,2 m,144,33.05890051,10.07635288,0
BEL-83269,70 cm,432,59.85997297,18.24531976,0
BEL-83269,23 cm,1296,110.394093,33.64811953,1
TMS-LMR100A,160 m,1.8,2.920023997,0.8900233142,1
TMS-LMR100A,80 m,3.5,4.140469679,1.262015158,1
TMS-LMR100A,40 m,7,5.958511956,1.816154444,1
TMS-LMR100A,20 m,14,8.574839931,2.613611211,1
TMS-LMR100A,15 m,21,10.60966556,3.233826064,1
TMS-LMR100A,10 m,28,12.33997353,3.761223933,1
TMS-LMR100A,6 m,50,16.73228346,5.1,0
TMS-LMR100A,2 m,144,28.6015491,8.717752165,0
TMS-LMR100A,70 cm,432,50.75102867,15.46891354,0
TMS-LMR100A,23 cm,1296,90.99108103,27.7340815,0
TMS-LMR100A,13 cm,2400,128.0666214,39.03470622,0
BEL-8259,160 m,1.8,1.838990257,0.5605242304,0
BEL-8259,80 m,3.5,2.693748824,0.8210546415,0
BEL-8259,40 m,7,4.010123316,1.222285587,0
BEL-8259,20 m,14,5.943628778,1.811618052,0
BEL-8259,15 m,21,7.461668036,2.274316417,0
BEL-8259,10 m,28,8.768482959,2.672633606,0
BEL-8259,6 m,50,12.13910761,3.7,0
BEL-8259,2 m,144,21.92880252,6.683899008,0
BEL-8259,70 cm,432,42.722966,13.02196004,0
BEL-8259,23 cm,1296,90.51808222,27.58991146,1
MP-RG58CU,160 m,1.8,1.979183606,0.603255163,1
MP-RG58CU,80 m,3.5,2.76785539,0.843642323,1
MP-RG58CU,40 m,7,3.926189837,1.196702662,1
MP-RG58CU,20 m,14,5.569281795,1.697517091,0
MP-RG58CU,15 m,21,6.833022016,2.082705111,0
MP-RG58CU,10 m,28,7.9,2.40792,0
MP-RG58CU,6 m,50,10.8,3.29184,0
MP-RG58CU,2 m,144,19.3,5.88264,0
MP-RG58CU,70 cm,432,34.99960745,10.66788035,0
MP-RG58CU,23 cm,1296,63,19.2024,0
MP-RG58CU,13 cm,2400,82.31311837,25.08903848,1
BEL-8219,160 m,1.8,1.773024662,0.540417917,0
BEL-8219,80 m,3.5,2.49197917,0.759555251,0
BEL-8219,40 m,7,3.553339091,1.083057755,0
BEL-8219,20 m,14,5.114841804,1.559003782,0
BEL-8219,15 m,21,6.366710046,1.940573222,0
BEL-8219,10 m,28,7.436651645,2.266691421,0
BEL-8219,6 m,50,10.17060367,3.1,0
BEL-8219,2 m,144,18.05923396,5.504454512,0
BEL-8219,70 cm,432,34.42932111,10.49405707,0
BEL-8219,23 cm,1296,73.47187885,22.39422867,1
BEL-9273,160 m,1.8,1.737164584,0.5294877651,0
BEL-9273,80 m,3.5,2.38578584,0.727187524,0
BEL-9273,40 m,7,3.320926516,1.012218402,0
BEL-9273,20 m,14,4.699982377,1.432554629,0
BEL-9273,15 m,21,5.818358639,1.773435713,0
BEL-9273,10 m,28,6.769790123,2.063432029,0
BEL-9273,6 m,50,9.186351706,2.8,0
BEL-9273,2 m,144,16.4347659,5.009316647,0
BEL-9273,70 cm,432,30.1295123,9.18347535,0
BEL-9273,23 cm,1296,53.73228345,16.3776,1
HAR-M17-128-RG400,160 m,1.8,1.572036533,0.4791567352,1
HAR-M17-128-RG400,80 m,3.5,2.24275778,0.6835925714,1
HAR-M17-128-RG400,40 m,7,3.248176868,0.9900443094,1
HAR-M17-128-RG400,20 m,14,4.704321197,1.433877101,1
HAR-M17-128-RG400,15 m,21,5.842415681,1.7807683,1
HAR-M17-128-RG400,10 m,28,6.81324904,2.076678307,1
HAR-M17-128-RG400,6 m,50,9.287773094,2.830913239,1
HAR-M17-128-RG400,2 m,144,16.34522493,4.982024557,0
HAR-M17-128-RG400,70 cm,432,29.42903933,8.969971188,0
HAR-M17-128-RG400,23 cm,1296,54.12259246,16.49656618,0
HAR-M17-128-RG400,13 cm,2400,77.42782152,23.6,0
HAR-M17-128-RG400,6 cm,5760,132.9640238,40.52743444,0
TMS-LMR195,160 m,1.8,1.546904175,0.4714963925,1
TMS-LMR195,80 m,3.5,2.176662968,0.6634468726,1
TMS-LMR195,40 m,7,3.107439512,0.9471475633,1
TMS-LMR195,20 m,14,4.436231269,1.352163291,1
TMS-LMR195,15 m,21,5.463313289,1.66521789,1
TMS-LMR195,10 m,28,6.333236028,1.930370341,1
TMS-LMR195,6 m,50,8.530183727,2.6,0
TMS-LMR195,2 m,144,14.1562404,4.314822072,0
TMS-LMR195,70 cm,432,25.05933998,7.638086827,0
TMS-LMR195,23 cm,1296,44.07015108,13.43258205,0
TMS-LMR195,13 cm,2400,61.01449519,18.59721813,0
BEL-83242,160 m,1.8,1.37135304,0.4179884067,0
BEL-83242,80 m,3.5,1.995760145,0.6083076923,0
BEL-83242,40 m,7,2.951011976,0.8994684502,0
BEL-83242,20 m,14,4.319955033,1.316722294,0
BEL-83242,15 m,21,5.365315521,1.635348171,0
BEL-83242,10 m,28,6.257079317,1.907157776,0
BEL-83242,6 m,50,8.530183727,2.6,0
BEL-83242,2 m,144,15.28836183,4.659892685,0
BEL-83242,70 cm,432,24.04569699,7.329128441,0
BEL-83242,23 cm,1296,49.68283407,15.14332782,0
BEL-83242,13 cm,2400,70.10114191,21.36682805,0
BEL-83242,6 cm,5760,116.4158608,35.48355437,0
BEL-9258,160 m,1.8,1.302873438,0.3971158238,0
BEL-9258,80 m,3.5,1.78933938,0.545390643,0
BEL-9258,40 m,7,2.490694887,0.7591638016,0
BEL-9258,20 m,14,3.524986783,1.074415971,0
BEL-9258,15 m,21,4.363768979,1.330076785,0
BEL-9258,10 m,28,5.077342592,1.547574022,0
BEL-9258,6 m,50,6.88976378,2.1,0
BEL-9258,2 m,144,12.37346687,3.771432701,0
BEL-9258,70 cm,432,22.63149953,6.898081058,0
BEL-9258,23 cm,1296,41.11623351,12.53222797,1
TMS-LMR200,160 m,1.8,1.530899794,0.4666182571,1
TMS-LMR200,80 m,3.5,2.106332249,0.6420100695,1
TMS-LMR200,40 m,7,2.937499222,0.8953497628,1
TMS-LMR200,20 m,14,4.096647944,1.248658293,1
TMS-LMR200,15 m,21,4.976534202,1.516847625,1
TMS-LMR200,10 m,28,5.713201302,1.741383757,1
TMS-LMR200,6 m,50,7.545931759,2.3,0
TMS-LMR200,2 m,144,12.8562651,3.918589603,0
TMS-LMR200,70 cm,432,22.47687819,6.850952474,0
TMS-LMR200,23 cm,1296,39.23542101,11.95895632,0
TMS-LMR200,13 cm,2400,54.24956459,16.53526729,0
RCB-RWC200PE,160 m,1.8,1.573662821,0.4796524279,1
RCB-RWC200PE,80 m,3.5,2.150641013,0.6555153809,1
RCB-RWC200PE,40 m,7,2.978318007,0.9077913286,1
RCB-RWC200PE,20 m,14,4.124527569,1.257156003,1
RCB-RWC200PE,15 m,21,4.989875931,1.520914184,1
RCB-RWC200PE,10 m,28,5.711857374,1.740974128,1
RCB-RWC200PE,6 m,50,7.5,2.286,0
RCB-RWC200PE,2 m,144,12.54826954,3.824712556,0
RCB-RWC200PE,70 cm,432,21.84205042,6.657456969,0
RCB-RWC200PE,23 cm,1296,38.78947578,11.82303222,0
RCB-RWC200PE,13 cm,2400,54.06959684,16.48041312,0
RCB-RWC200PE,6 cm,5760,88.15844632,26.87069444,0
SSB-AIRCELL5,160 m,1.8,1.240389684,0.3780707758,1
SSB-AIRCELL5,80 m,3.5,1.731101991,0.5276398869,1
SSB-AIRCELL5,40 m,7,2.450303785,0.7468525936,0
SSB-AIRCELL5,20 m,14,3.473251913,1.058647183,0
SSB-AIRCELL5,15 m,21,4.263355514,1.299470761,0
SSB-AIRCELL5,10 m,28,4.930703472,1.502878418,0
SSB-AIRCELL5,6 m,50,6.61,2.014728,0
SSB-AIRCELL5,2 m,144,11.33,3.453384,0
SSB-AIRCELL5,70 cm,432,19.99,6.092952,0
SSB-AIRCELL5,23 cm,1296,35.71,10.884408,0
SSB-AIRCELL5,13 cm,2400,49.87,15.200376,0
SSB-AIRCELL5,6 cm,5760,81.44118743,24.82327393,0
MP-AIRBORNE5,160 m,1.8,1.7,0.51816,0
MP-AIRBORNE5,80 m,3.5,2.3,0.70104,0
MP-AIRBORNE5,40 m,7,3,0.9144,0
MP-AIRBORNE5,20 m,14,4,1.2192,0
MP-AIRBORNE5,15 m,21,4.8,1.46304,0
MP-AIRBORNE5,10 m,28,5.5,1.6764,0
MP-AIRBORNE5,6 m,50,7.1,2.16408,0
MP-AIRBORNE5,2 m,144,11.1,3.38328,0
MP-AIRBORNE5,70 cm,432,19.04730829,5.805619568,0
MP-AIRBORNE5,23 cm,1296,34.2,10.42416,0
MP-AIRBORNE5,13 cm,2400,47.5,14.478,0
MP-AIRBORNE5,6 cm,5760,73.97307787,22.54699413,0
BEL-H155A01,160 m,1.8,1.593344742,0.4856514774,1
BEL-H155A01,80 m,3.5,2.136202051,0.6511143851,1
BEL-H155A01,40 m,7,2.89980762,0.8838613626,0
BEL-H155A01,20 m,14,3.936371201,1.199805942,0
BEL-H155A01,15 m,21,4.706914193,1.434667446,0
BEL-H155A01,10 m,28,5.34346421,1.628687891,0
BEL-H155A01,6 m,50,6.9,2.10312,0
BEL-H155A01,2 m,144,10.77999708,3.285743111,0
BEL-H155A01,70 cm,432,18.75812416,5.717476245,0
BEL-H155A01,23 cm,1296,34.1267546,10.4018348,0
BEL-H155A01,13 cm,2400,49.1,14.96568,0
BEL-H155A01,6 cm,5760,84.24530962,25.67797037,0
MP-HYPERFLEX5,160 m,1.8,1.4,0.42672,0
MP-HYPERFLEX5,80 m,3.5,1.9,0.57912,0
MP-HYPERFLEX5,40 m,7,2.3,0.70104,0
MP-HYPERFLEX5,20 m,14,3,0.9144,0
MP-HYPERFLEX5,15 m,21,3.6,1.09728,0
MP-HYPERFLEX5,10 m,28,4.1,1.24968,0
MP-HYPERFLEX5,6 m,50,5.5,1.6764,0
MP-HYPERFLEX5,2 m,144,9.6,2.92608,0
MP-HYPERFLEX5,70 cm,432,17.04064925,5.193989892,0
MP-HYPERFLEX5,23 cm,1296,30.5,9.2964,0
MP-HYPERFLEX5,13 cm,2400,42.5,12.954,0
MP-HYPERFLEX5,6 cm,5760,71.10052684,21.67144058,0
TMS-LMR240,160 m,1.8,0.9733413322,0.2966744381,1
TMS-LMR240,80 m,3.5,1.38015656,0.4206717194,1
TMS-LMR240,40 m,7,1.986170652,0.6053848148,1
TMS-LMR240,20 m,14,2.858279977,0.871203737,1
TMS-LMR240,15 m,21,3.536555188,1.077942021,1
TMS-LMR240,10 m,28,4.113324511,1.253741311,1
TMS-LMR240,6 m,50,5.577427822,1.7,0
TMS-LMR240,2 m,144,9.636969746,2.937348379,0
TMS-LMR240,70 cm,432,17.03561346,5.192454983,0
TMS-LMR240,23 cm,1296,30.11354174,9.178607521,0
TMS-LMR240,13 cm,2400,41.44264862,12.6317193,0
TMS-LMR240,6 cm,5760,66.67736662,20.32326134,0
RCB-RWC240PE,160 m,1.8,1.288559494,0.3927529336,1
RCB-RWC240PE,80 m,3.5,1.746946602,0.5324693242,1
RCB-RWC240PE,40 m,7,2.399132413,0.7312555595,1
RCB-RWC240PE,20 m,14,3.294798095,1.004254459,1
RCB-RWC240PE,15 m,21,3.966630745,1.209029051,1
RCB-RWC240PE,10 m,28,4.524841742,1.379171763,1
RCB-RWC240PE,6 m,50,5.9,1.79832,0
RCB-RWC240PE,2 m,144,9.796411129,2.985946112,0
RCB-RWC240PE,70 cm,432,16.95680358,5.168433731,0
RCB-RWC240PE,23 cm,1296,30.11304123,9.178454967,0
RCB-RWC240PE,13 cm,2400,42.04660238,12.8158044,0
RCB-RWC240PE,6 cm,5760,68.94953216,21.0158174,0
RCB-RG213U-PE,160 m,1.8,1.031741315,0.3144747529,0
RCB-RG213U-PE,80 m,3.5,1.356615452,0.4134963898,0
RCB-RG213U-PE,40 m,7,1.804592504,0.5500397951,0
RCB-RG213U-PE,20 m,14,2.469217975,0.7526176387,0
RCB-RG213U-PE,15 m,21,3.018705352,0.9201013914,0
RCB-RG213U-PE,10 m,28,3.481237066,1.061081058,0
RCB-RG213U-PE,6 m,50,4.64,1.414272,0
RCB-RG213U-PE,2 m,144,8.31354237,2.533967714,0
RCB-RG213U-PE,70 cm,432,16.01813149,4.882326478,0
RCB-RG213U-PE,23 cm,1296,32.90315692,10.02888223,1
BEL-8267,160 m,1.8,0.7526636179,0.2294118707,0
BEL-8267,80 m,3.5,1.056481132,0.3220154491,0
BEL-8267,40 m,7,1.504392241,0.4585387549,0
BEL-8267,20 m,14,2.159977517,0.6583611471,0
BEL-8267,15 m,21,2.68265776,0.8176740853,0
BEL-8267,10 m,28,3.128539658,0.9535788879,0
BEL-8267,6 m,50,4.265091864,1.3,0
BEL-8267,2 m,144,7.499323452,2.285793788,0
BEL-8267,70 cm,432,14.33150041,4.368241326,0
BEL-8267,23 cm,1296,31.5774675,9.624812093,0
BEL-8267,13 cm,2400,49.00224429,14.93588406,0
BEL-8267,6 cm,5760,91.48647991,27.88507908,1
BEL-8268,160 m,1.8,0.7526636179,0.2294118707,0
BEL-8268,80 m,3.5,1.056481132,0.3220154491,0
BEL-8268,40 m,7,1.504392241,0.4585387549,0
BEL-8268,20 m,14,2.159977517,0.6583611471,0
BEL-8268,15 m,21,2.68265776,0.8176740853,0
BEL-8268,10 m,28,3.128539658,0.9535788879,0
BEL-8268,6 m,50,4.265091864,1.3,0
BEL-8268,2 m,144,7.499323452,2.285793788,0
BEL-8268,70 cm,432,14.33150041,4.368241326,0
BEL-8268,23 cm,1296,31.15321569,9.495500141,0
BEL-8268,13 cm,2400,46.81456427,14.26907919,0
BEL-8268,6 cm,5760,83.50009061,25.45082762,1
MP-RG213U,160 m,1.8,0.9412479471,0.2868923743,1
MP-RG213U,80 m,3.5,1.284853698,0.391623407,1
MP-RG213U,40 m,7,1.777169119,0.5416811475,1
MP-RG213U,20 m,14,2.458124286,0.7492362823,0
MP-RG213U,15 m,21,2.971737717,0.9057856562,0
MP-RG213U,10 m,28,3.4,1.03632,0
MP-RG213U,6 m,50,4.5,1.3716,0
MP-RG213U,2 m,144,7.5,2.286,0
MP-RG213U,70 cm,432,14.1394977,4.3097189,0
MP-RG213U,23 cm,1296,27.6,8.41248,0
MP-RG213U,13 cm,2400,40.35288161,12.29955831,1
SSB-AIRCELL7,160 m,1.8,1.000624938,0.3049904811,1
SSB-AIRCELL7,80 m,3.5,1.358166845,0.4139692544,1
SSB-AIRCELL7,40 m,7,1.867479412,0.5692077247,0
SSB-AIRCELL7,20 m,14,2.557405812,0.7794972914,0
SSB-AIRCELL7,15 m,21,3.066069634,0.9345380244,0
SSB-AIRCELL7,10 m,28,3.487217154,1.062903788,0
SSB-AIRCELL7,6 m,50,4.52,1.377696,0
SSB-AIRCELL7,2 m,144,7.6,2.31648,0
SSB-AIRCELL7,70 cm,432,13.6,4.14528,0
SSB-AIRCELL7,23 cm,1296,24.84,7.571232,0
SSB-AIRCELL7,13 cm,2400,35.6,10.85088,0
SSB-AIRCELL7,6 cm,5760,63.0509511,19.2179299,0
TMS-LMR300,160 m,1.8,0.9561804646,0.2914438056,1
TMS-LMR300,80 m,3.5,1.308823138,0.3989292926,1
TMS-LMR300,40 m,7,1.815507216,0.5533665993,1
TMS-LMR300,20 m,14,2.518343658,0.767591147,1
TMS-LMR300,15 m,21,3.049636796,0.9295292955,1
TMS-LMR300,10 m,28,3.493268837,1.064748342,1
TMS-LMR300,6 m,50,4.593175853,1.4,0
TMS-LMR300,2 m,144,7.717884351,2.35241115,0
TMS-LMR300,70 cm,432,13.4914519,4.11219454,0
TMS-LMR300,23 cm,1296,24.07000185,7.336536563,0
TMS-LMR300,13 cm,2400,33.36396183,10.16933557,0
CS-FSJ1-50A,160 m,1.8,0.774255247,0.2359929993,0
CS-FSJ1-50A,80 m,3.5,1.081185434,0.3295453204,0
CS-FSJ1-50A,40 m,7,1.532043404,0.4669668295,0
CS-FSJ1-50A,20 m,14,2.171978591,0.6620190747,0
CS-FSJ1-50A,15 m,21,2.664977901,0.8122852642,0
CS-FSJ1-50A,10 m,28,3.082503958,0.9395472062,0
CS-FSJ1-50A,6 m,50,4.136,1.2606528,0
CS-FSJ1-50A,2 m,144,7.099663179,2.163977337,0
CS-FSJ1-50A,70 cm,432,12.54615331,3.824067528,0
CS-FSJ1-50A,23 cm,1296,22.47864567,6.8514912,0
CS-FSJ1-50A,13 cm,2400,31.45725662,9.588171818,0
CS-FSJ1-50A,6 cm,5760,51.52397187,15.70450663,0
RFS-SCF14-50J,160 m,1.8,0.7667715269,0.2337119614,0
RFS-SCF14-50J,80 m,3.5,1.072433265,0.3268776593,0
RFS-SCF14-50J,40 m,7,1.521413108,0.4637267154,0
RFS-SCF14-50J,20 m,14,2.15836073,0.6578683505,0
RFS-SCF14-50J,15 m,21,2.648294682,0.807200219,0
RFS-SCF14-50J,10 m,28,3.061969833,0.933288405,0
RFS-SCF14-50J,6 m,50,4.102476554,1.250434854,0
RFS-SCF14-50J,2 m,144,7.028189794,2.142192249,0
RFS-SCF14-50J,70 cm,432,12.46110811,3.798145753,0
RFS-SCF14-50J,23 cm,1296,22.48062074,6.852093201,0
RFS-SCF14-50J,13 cm,2400,31.57,9.622536,0
RFS-SCF14-50J,6 cm,5760,52.37130866,15.96277488,0
MP-ULTRAFLEX7,160 m,1.8,1.1,0.33528,0
MP-ULTRAFLEX7,80 m,3.5,1.3,0.39624,0
MP-ULTRAFLEX7,40 m,7,1.7,0.51816,0
MP-ULTRAFLEX7,20 m,14,2.2,0.67056,0
MP-ULTRAFLEX7,15 m,21,2.6,0.79248,0
MP-ULTRAFLEX7,10 m,28,3,0.9144,0
MP-ULTRAFLEX7,6 m,50,4,1.2192,0
MP-ULTRAFLEX7,2 m,144,6.9,2.10312,0
MP-ULTRAFLEX7,70 cm,432,12.33032852,3.758284133,0
MP-ULTRAFLEX7,23 cm,1296,22.3,6.79704,0
MP-ULTRAFLEX7,13 cm,2400,32.3,9.84504,0
MP-ULTRAFLEX7,6 cm,5760,53.89610066,16.42753148,0
ERI-TZC50032,160 m,1.8,0.8738448857,0.2663479212,1
ERI-TZC50032,80 m,3.5,1.172812026,0.3574731057,1
ERI-TZC50032,40 m,7,1.593809114,0.4857930179,1
ERI-TZC50032,20 m,14,2.165928924,0.6601751362,1
ERI-TZC50032,15 m,21,2.591587189,0.7899157753,1
ERI-TZC50032,10 m,28,2.943419049,0.8971541261,1
ERI-TZC50032,6 m,50,3.804351788,1.159566425,1
ERI-TZC50032,2 m,144,6.075263002,1.851740163,0
ERI-TZC50032,70 cm,432,10.08523459,3.073979504,0
ERI-TZC50032,23 cm,1296,17.90460157,5.457322559,0
ERI-TZC50032,13 cm,2400,26.89787187,8.198471345,1
DAV-BURYFLEX,160 m,1.8,1.031957879,0.3145407615,1
DAV-BURYFLEX,80 m,3.5,1.325641912,0.4040556549,1
DAV-BURYFLEX,40 m,7,1.721068443,0.5245816615,1
DAV-BURYFLEX,20 m,14,2.234446994,0.6810594438,0
DAV-BURYFLEX,15 m,21,2.603085156,0.7934203557,0
DAV-BURYFLEX,10 m,28,2.900961545,0.8842130788,0
DAV-BURYFLEX,6 m,50,3.608923885,1.1,0
DAV-BURYFLEX,2 m,144,5.725358281,1.745089204,0
DAV-BURYFLEX,70 cm,432,9.614656869,2.930547414,0
DAV-BURYFLEX,23 cm,1296,19.50834686,5.946144123,1
RFS-SCF38-50J,160 m,1.8,0.5193976773,0.158312412,1
RFS-SCF38-50J,80 m,3.5,0.7343885708,0.2238416364,1
RFS-SCF38-50J,40 m,7,1.053718047,0.3211732607,1
RFS-SCF38-50J,20 m,14,1.511899512,0.4608269713,1
RFS-SCF38-50J,15 m,21,1.867429326,0.5691924587,1
RFS-SCF38-50J,10 m,28,2.169309088,0.6612054101,1
RFS-SCF38-50J,6 m,50,2.934158614,0.8943315454,1
RFS-SCF38-50J,2 m,144,5.090599154,1.551614622,0
RFS-SCF38-50J,70 cm,432,9.109409119,2.7765479,0
RFS-SCF38-50J,23 cm,1296,16.66828111,5.080492081,0
RFS-SCF38-50J,13 cm,2400,23.67,7.214616,0
RFS-SCF38-50J,6 cm,5760,39.93803931,12.17311438,0
BEL-9914,160 m,1.8,0.9445095164,0.2878865006,1
BEL-9914,80 m,3.5,1.169978109,0.3566093275,1
BEL-9914,40 m,7,1.462472636,0.4457616594,0
BEL-9914,20 m,14,1.89622104,0.577968173,0
BEL-9914,15 m,21,2.258017682,0.6882437895,0
BEL-9914,10 m,28,2.555850951,0.7790233698,0
BEL-9914,6 m,50,3.280839895,1,0
BEL-9914,2 m,144,5.242405063,1.597885063,0
BEL-9914,70 cm,432,8.920611928,2.719002516,0
BEL-9914,23 cm,1296,16.64978838,5.074855499,0
BEL-9914,13 cm,2400,23.97049106,7.306205676,0
BEL-9914,6 cm,5760,40.61233677,12.37864025,1
SSB-ECOFLEX10,160 m,1.8,0.4400921158,0.1341400769,1
SSB-ECOFLEX10,80 m,3.5,0.6493489597,0.1979215629,1
SSB-ECOFLEX10,40 m,7,0.9740234396,0.2968823444,0
SSB-ECOFLEX10,20 m,14,1.432554629,0.4366426508,0
SSB-ECOFLEX10,15 m,21,1.773435713,0.5405432053,0
SSB-ECOFLEX10,10 m,28,2.063432029,0.6289340826,0
SSB-ECOFLEX10,6 m,50,2.8,0.85344,0
SSB-ECOFLEX10,2 m,144,4.9,1.49352,0
SSB-ECOFLEX10,70 cm,432,8.9,2.71272,0
SSB-ECOFLEX10,23 cm,1296,16.5,5.0292,0
SSB-ECOFLEX10,13 cm,2400,23.6,7.19328,0
SSB-ECOFLEX10,6 cm,5760,40.44710475,12.32827753,0
BEL-H1000C1,160 m,1.8,0.4588686169,0.1398631544,1
BEL-H1000C1,80 m,3.5,0.6588897941,0.2008296092,1
BEL-H1000C1,40 m,7,0.9607128101,0.2928252645,0
BEL-H1000C1,20 m,14,1.400794354,0.4269621191,0
BEL-H1000C1,15 m,21,1.746545924,0.5323471977,0
BEL-H1000C1,10 m,28,2.042467636,0.6225441355,0
BEL-H1000C1,6 m,50,2.8,0.85344,0
BEL-H1000C1,2 m,144,4.819224901,1.46889975,0
BEL-H1000C1,70 cm,432,8.763421608,2.671090906,0
BEL-H1000C1,23 cm,1296,16.30416122,4.969508339,0
BEL-H1000C1,13 cm,2400,23.6,7.19328,0
BEL-H1000C1,6 cm,5760,41.09009278,12.52426028,0
RCB-RWC400PE,160 m,1.8,0.6529228506,0.1990108849,1
RCB-RWC400PE,80 m,3.5,0.886397569,0.270173979,1
RCB-RWC400PE,40 m,7,1.219044998,0.3715649154,1
RCB-RWC400PE,20 m,14,1.67652841,0.5110058593,1
RCB-RWC400PE,15 m,21,2.020061391,0.6157147121,1
RCB-RWC400PE,10 m,28,2.305696274,0.7027762242,1
RCB-RWC400PE,6 m,50,3.01,0.917448,0
RCB-RWC400PE,2 m,144,5.001046672,1.524319025,0
RCB-RWC400PE,70 cm,432,8.772142154,2.673748929,0
RCB-RWC400PE,23 cm,1296,15.96834529,4.867151643,0
RCB-RWC400PE,13 cm,2400,22.75045227,6.934337851,0
RCB-RWC400PE,6 cm,5760,38.75614264,11.81287228,0
TMS-LMR400,160 m,1.8,0.5753891469,0.175378612,1
TMS-LMR400,80 m,3.5,0.7980726214,0.243252535,1
TMS-LMR400,40 m,7,1.122385969,0.3421032433,1
TMS-LMR400,20 m,14,1.578490766,0.4811239854,1
TMS-LMR400,15 m,21,1.926969695,0.5873403632,1
TMS-LMR400,10 m,28,2.219943199,0.6766386869,1
TMS-LMR400,6 m,50,2.952755906,0.9,0
TMS-LMR400,2 m,144,4.828729631,1.471796792,0
TMS-LMR400,70 cm,432,8.682469615,2.646416739,0
TMS-LMR400,23 cm,1296,15.49583272,4.723129812,0
TMS-LMR400,13 cm,2400,21.80468072,6.646066682,0
TMS-LMR400,6 cm,5760,35.29852952,10.7589918,0
MP-ULTRAFLEX10,160 m,1.8,0.8,0.24384,0
MP-ULTRAFLEX10,80 m,3.5,1,0.3048,0
MP-ULTRAFLEX10,40 m,7,1.2,0.36576,0
MP-ULTRAFLEX10,20 m,14,1.5,0.4572,0
MP-ULTRAFLEX10,15 m,21,1.8,0.54864,0
MP-ULTRAFLEX10,10 m,28,2,0.6096,0
MP-ULTRAFLEX10,6 m,50,2.7,0.82296,0
MP-ULTRAFLEX10,2 m,144,4.7,1.43256,0
MP-ULTRAFLEX10,70 cm,432,8.621976298,2.627978376,0
MP-ULTRAFLEX10,23 cm,1296,16.4,4.99872,0
MP-ULTRAFLEX10,13 cm,2400,23.7,7.22376,0
MP-ULTRAFLEX10,6 cm,5760,43.17992233,13.16124033,0
MP-HYPERFLEX10,160 m,1.8,0.8,0.24384,0
MP-HYPERFLEX10,80 m,3.5,1,0.3048,0
MP-HYPERFLEX10,40 m,7,1.1,0.33528,0
MP-HYPERFLEX10,20 m,14,1.5,0.4572,0
MP-HYPERFLEX10,15 m,21,1.8,0.54864,0
MP-HYPERFLEX10,10 m,28,2,0.6096,0
MP-HYPERFLEX10,6 m,50,2.7,0.82296,0
MP-HYPERFLEX10,2 m,144,4.7,1.43256,0
MP-HYPERFLEX10,70 cm,432,8.620902254,2.627651007,0
MP-HYPERFLEX10,23 cm,1296,15.4,4.69392,0
MP-HYPERFLEX10,13 cm,2400,21.8,6.64464,0
MP-HYPERFLEX10,6 cm,5760,36.01294181,10.97674467,0
BEL-H2000FLEX,160 m,1.8,0.4994578448,0.1522347511,1
BEL-H2000FLEX,80 m,3.5,0.7016531438,0.2138638782,1
BEL-H2000FLEX,40 m,7,1,0.3048,0
BEL-H2000FLEX,20 m,14,1.4,0.42672,0
BEL-H2000FLEX,15 m,21,1.8,0.54864,0
BEL-H2000FLEX,10 m,28,2,0.6096,0
BEL-H2000FLEX,6 m,50,2.7,0.82296,0
BEL-H2000FLEX,2 m,144,4.8,1.46304,0
BEL-H2000FLEX,70 cm,432,8.5,2.5908,0
BEL-H2000FLEX,23 cm,1296,15.7,4.78536,0
BEL-H2000FLEX,13 cm,2400,22.254835,6.783273707,0
BEL-H2000FLEX,6 cm,5760,38.06556287,11.60238356,0
CS-FSJ2-50,160 m,1.8,0.5140315386,0.156676813,0
CS-FSJ2-50,80 m,3.5,0.7184463362,0.2189824433,0
CS-FSJ2-50,40 m,7,1.018578221,0.3104626418,0
CS-FSJ2-50,20 m,14,1.445615326,0.4406235514,0
CS-FSJ2-50,15 m,21,1.775449674,0.5411570608,0
CS-FSJ2-50,10 m,28,2.054733573,0.6262827929,0
CS-FSJ2-50,6 m,50,2.762,0.8418576,0
CS-FSJ2-50,2 m,144,4.761238289,1.451225431,0
CS-FSJ2-50,70 cm,432,8.478592898,2.584275115,0
CS-FSJ2-50,23 cm,1296,15.37918272,4.687574892,0
CS-FSJ2-50,13 cm,2400,21.73362716,6.624409557,0
CS-FSJ2-50,6 cm,5760,36.25560083,11.05070713,0
MP-AIRBORNE10,160 m,1.8,0.6,0.18288,0
MP-AIRBORNE10,80 m,3.5,0.8,0.24384,0
MP-AIRBORNE10,40 m,7,1,0.3048,0
MP-AIRBORNE10,20 m,14,1.3,0.39624,0
MP-AIRBORNE10,15 m,21,1.7,0.51816,0
MP-AIRBORNE10,10 m,28,1.9,0.57912,0
MP-AIRBORNE10,6 m,50,2.4,0.73152,0
MP-AIRBORNE10,2 m,144,4.2,1.28016,0
MP-AIRBORNE10,70 cm,432,7.617838642,2.321917218,0
MP-AIRBORNE10,23 cm,1296,13.6,4.14528,0
MP-AIRBORNE10,13 cm,2400,19.2,5.85216,0
MP-AIRBORNE10,6 cm,5760,31.95720994,9.74055759,0
WFX-103,160 m,1.8,0.3335172724,0.1016560646,1
WFX-103,80 m,3.5,0.4901202242,0.1493886443,1
WFX-103,40 m,7,0.7320984155,0.223143597,1
WFX-103,20 m,14,1.093544122,0.3333122482,0
WFX-103,15 m,21,1.382852563,0.4214934611,0
WFX-103,10 m,28,1.633439877,0.4978724745,0
WFX-103,6 m,50,2.7,0.82296,0
WFX-103,2 m,144,4.5,1.3716,0
WFX-103,70 cm,432,7.5,2.286,0
WFX-103,23 cm,1296,15,4.572,0
WFX-103,13 cm,2400,23.82316093,7.261299452,0
WFX-103,6 cm,5760,36.08503107,10.99871747,1
CS-FSJ4-50B,160 m,1.8,0.4392524981,0.1338841614,0
CS-FSJ4-50B,80 m,3.5,0.613456933,0.1869816732,0
CS-FSJ4-50B,40 m,7,0.8692533372,0.2649484172,0
CS-FSJ4-50B,20 m,14,1.23832363,0.3774410423,0
CS-FSJ4-50B,15 m,21,1.527311511,0.4655245485,0
CS-FSJ4-50B,10 m,28,1.767103649,0.5386131921,0
CS-FSJ4-50B,6 m,50,2.38,0.725424,0
CS-FSJ4-50B,2 m,144,4.121731611,1.256303795,0
CS-FSJ4-50B,70 cm,432,7.423691579,2.262741193,0
CS-FSJ4-50B,23 cm,1296,13.68481347,4.171131147,0
CS-FSJ4-50B,13 cm,2400,19.5938592,5.972208283,0
CS-FSJ4-50B,6 cm,5760,33.53460814,10.22134856,0
CS-LDF2-50,160 m,1.8,0.4464693225,0.1360838495,0
CS-LDF2-50,80 m,3.5,0.6242678558,0.1902768425,0
CS-LDF2-50,40 m,7,0.8849430238,0.2697306336,0
CS-LDF2-50,20 m,14,1.255195662,0.3825836378,0
CS-LDF2-50,15 m,21,1.54074082,0.469617802,0
CS-LDF2-50,10 m,28,1.783349503,0.5435649286,0
CS-LDF2-50,6 m,50,2.397,0.7306056,0
CS-LDF2-50,2 m,144,4.130746447,1.259051517,0
CS-LDF2-50,70 cm,432,7.35171346,2.240802263,0
CS-LDF2-50,23 cm,1296,13.32291486,4.060824448,0
CS-LDF2-50,13 cm,2400,18.81500781,5.734814382,0
CS-LDF2-50,6 cm,5760,31.34781654,9.554814481,0
TMS-LMR500,160 m,1.8,0.4242789242,0.1293202161,1
TMS-LMR500,80 m,3.5,0.5947935522,0.1812930747,1
TMS-LMR500,40 m,7,0.8458559934,0.2578169068,1
TMS-LMR500,20 m,14,1.202891926,0.366641459,1
TMS-LMR500,15 m,21,1.47803606,0.4505053911,1
TMS-LMR500,10 m,28,1.710632775,0.52140087,1
TMS-LMR500,6 m,50,2.296587927,0.7,0
TMS-LMR500,2 m,144,3.920848984,1.19507477,0
TMS-LMR500,70 cm,432,6.968366142,2.123958,0
TMS-LMR500,23 cm,1296,12.51637867,3.814992219,0
TMS-LMR500,13 cm,2400,17.57513475,5.356901073,0
GEN-10D-FB,160 m,1.8,0.3783670276,0.11532627,1
GEN-10D-FB,80 m,3.5,0.5330934874,0.162486895,1
GEN-10D-FB,40 m,7,0.7620807832,0.2322822227,1
GEN-10D-FB,20 m,14,1.089428278,0.3320577392,1
GEN-10D-FB,15 m,21,1.342713761,0.4092591543,1
GEN-10D-FB,10 m,28,1.55738604,0.4746912651,1
GEN-10D-FB,6 m,50,2.1,0.64008,0
GEN-10D-FB,2 m,144,3.622943514,1.104273183,0
GEN-10D-FB,70 cm,432,6.930117414,2.112299788,0
GEN-10D-FB,23 cm,1296,12.53497282,3.820659714,0
GEN-10D-FB,13 cm,2400,18.06460485,5.50609156,0
MP-ULTRAFLEX13,160 m,1.8,0.5090091654,0.1551459936,1
MP-ULTRAFLEX13,80 m,3.5,0.6613838124,0.201589786,1
MP-ULTRAFLEX13,40 m,7,0.8689593498,0.2648588098,1
MP-ULTRAFLEX13,20 m,14,1.141682541,0.3479848385,0
MP-ULTRAFLEX13,15 m,21,1.33933823,0.4082302925,0
MP-ULTRAFLEX13,10 m,28,1.5,0.4572,0
MP-ULTRAFLEX13,6 m,50,2,0.6096,0
MP-ULTRAFLEX13,2 m,144,3.6,1.09728,0
MP-ULTRAFLEX13,70 cm,432,6.416859636,1.955858817,0
MP-ULTRAFLEX13,23 cm,1296,12,3.6576,0
MP-ULTRAFLEX13,13 cm,2400,17.4,5.30352,0
MP-ULTRAFLEX13,6 cm,5760,29.25688775,8.917499386,1
MP-HYPERFLEX13,160 m,1.8,0.5,0.1524,0
MP-HYPERFLEX13,80 m,3.5,0.6,0.18288,0
MP-HYPERFLEX13,40 m,7,0.8,0.24384,0
MP-HYPERFLEX13,20 m,14,1.1,0.33528,0
MP-HYPERFLEX13,15 m,21,1.3,0.39624,0
MP-HYPERFLEX13,10 m,28,1.5,0.4572,0
MP-HYPERFLEX13,6 m,50,2,0.6096,0
MP-HYPERFLEX13,2 m,144,3.6,1.09728,0
MP-HYPERFLEX13,70 cm,432,6.416329676,1.955697285,0
MP-HYPERFLEX13,23 cm,1296,11.7,3.56616,0
MP-HYPERFLEX13,13 cm,2400,16.6,5.05968,0
MP-HYPERFLEX13,6 cm,5760,27.97480155,8.526719513,0
SSB-ECOFLEX15,160 m,1.8,0.3529443507,0.1075774381,1
SSB-ECOFLEX15,80 m,3.5,0.4985390424,0.1519547001,1
SSB-ECOFLEX15,40 m,7,0.7145726275,0.2178017369,0
SSB-ECOFLEX15,20 m,14,1.021626051,0.3113916204,0
SSB-ECOFLEX15,15 m,21,1.257250178,0.3832098544,0
SSB-ECOFLEX15,10 m,28,1.456698856,0.4440018114,0
SSB-ECOFLEX15,6 m,50,1.96,0.597408,0
SSB-ECOFLEX15,2 m,144,3.4,1.03632,0
SSB-ECOFLEX15,70 cm,432,6.1,1.85928,0
SSB-ECOFLEX15,23 cm,1296,11.4,3.47472,0
SSB-ECOFLEX15,13 cm,2400,16.3,4.96824,0
SSB-ECOFLEX15,6 cm,5760,28.07491709,8.557234729,0
TMS-LMR600,160 m,1.8,0.3266081258,0.09955015675,1
TMS-LMR600,80 m,3.5,0.4592453666,0.1399779877,1
TMS-LMR600,40 m,7,0.6551385682,0.1996862356,1
TMS-LMR600,20 m,14,0.9345909066,0.2848633083,1
TMS-LMR600,15 m,21,1.150467805,0.3506625871,1
TMS-LMR600,10 m,28,1.333244912,0.4063730492,1
TMS-LMR600,6 m,50,1.794619423,0.547,0
TMS-LMR600,2 m,144,3.096833982,0.9439149976,0
TMS-LMR600,70 cm,432,5.523042676,1.683423408,0
TMS-LMR600,23 cm,1296,10.02149365,3.054551266,0
TMS-LMR600,13 cm,2400,14.17304246,4.319943343,0
CS-LDF4-50A,160 m,1.8,0.283679736,0.08646558352,0
CS-LDF4-50A,80 m,3.5,0.3962412829,0.120774343,0
CS-LDF4-50A,40 m,7,0.5616009602,0.1711759727,0
CS-LDF4-50A,20 m,14,0.7966014481,0.2428041214,0
CS-LDF4-50A,15 m,21,0.9779203846,0.2980701332,0
CS-LDF4-50A,10 m,28,1.131668108,0.3449324392,0
CS-LDF4-50A,6 m,50,1.521,0.4636008,0
CS-LDF4-50A,2 m,144,2.617251865,0.7977383684,0
CS-LDF4-50A,70 cm,432,4.647497601,1.416557269,0
CS-LDF4-50A,23 cm,1296,8.391020162,2.557582946,0
CS-LDF4-50A,13 cm,2400,11.81502383,3.601219265,0
CS-LDF4-50A,6 cm,5760,19.57782675,5.967321592,0
TMS-LMR900,160 m,1.8,0.2240694916,0.06829638103,1
TMS-LMR900,80 m,3.5,0.3148517967,0.09596682763,1
TMS-LMR900,40 m,7,0.448836058,0.1368052305,1
TMS-LMR900,20 m,14,0.6398369299,0.1950222962,1
TMS-LMR900,15 m,21,0.7873045175,0.2399704169,1
TMS-LMR900,10 m,28,0.9121176643,0.2780134641,1
TMS-LMR900,6 m,50,1.227034121,0.374,0
TMS-LMR900,2 m,144,2.113947075,0.6443310683,0
TMS-LMR900,70 cm,432,3.757040361,1.145145902,0
TMS-LMR900,23 cm,1296,6.791258407,2.069975562,0
TMS-LMR900,13 cm,2400,9.555971705,2.912660176,0
TMS-LMR1200,160 m,1.8,0.160671967,0.04897281553,1
TMS-LMR1200,80 m,3.5,0.226408006,0.06900916024,1
TMS-LMR1200,40 m,7,0.3237081233,0.09866623597,1
TMS-LMR1200,20 m,14,0.4628235145,0.1410686072,1
TMS-LMR1200,15 m,21,0.5704764976,0.1738812365,1
TMS-LMR1200,10 m,28,0.6617245295,0.2016936366,1
TMS-LMR1200,6 m,50,0.8923884514,0.272,0
TMS-LMR1200,2 m,144,1.545008,0.4709184385,0
TMS-LMR1200,70 cm,432,2.773362943,0.8453210251,0
TMS-LMR1200,23 cm,1296,5.109319085,1.557320457,0
TMS-LMR1200,13 cm,2400,7.244109934,2.208004708,0
CS-LDF5-50A,160 m,1.8,0.1545703038,0.04711302859,0
CS-LDF5-50A,80 m,3.5,0.2159411713,0.06581886903,0
CS-LDF5-50A,40 m,7,0.3059351095,0.09324902139,0
CS-LDF5-50A,20 m,14,0.4344347048,0.132415698,0
CS-LDF5-50A,15 m,21,0.534158309,0.1628114526,0
CS-LDF5-50A,10 m,28,0.6187859043,0.1886059436,0
CS-LDF5-50A,6 m,50,0.833,0.2538984,0
CS-LDF5-50A,2 m,144,1.443819825,0.4400762826,0
CS-LDF5-50A,70 cm,432,2.591969709,0.7900323675,0
CS-LDF5-50A,23 cm,1296,4.764114026,1.452101955,0
CS-LDF5-50A,13 cm,2400,6.802430046,2.073380678,0
CS-LDF5-50A,6 cm,5760,11.5536896,3.521564591,1
TMS-LMR1700,160 m,1.8,0.1110759992,0.03385596457,1
TMS-LMR1700,80 m,3.5,0.157662943,0.04805566501,1
TMS-LMR1700,40 m,7,0.2271344191,0.06923057095,1
TMS-LMR1700,20 m,14,0.3272173117,0.09973583661,1
TMS-LMR1700,15 m,21,0.4051203134,0.1234806715,1
TMS-LMR1700,10 m,28,0.4714000172,0.1436827253,1
TMS-LMR1700,6 m,50,0.6397637795,0.195,0
TMS-LMR1700,2 m,144,1.114330738,0.339648009,0
TMS-LMR1700,70 cm,432,2.027627156,0.618020757,0
TMS-LMR1700,23 cm,1296,3.796755835,1.157251179,0
TMS-LMR1700,13 cm,2400,5.477355705,1.669498019,0
CS-LDF6-50,160 m,1.8,0.1012418226,0.03085850752,0
CS-LDF6-50,80 m,3.5,0.141904929,0.04325262237,0
CS-LDF6-50,40 m,7,0.2013113965,0.06135971366,0
CS-LDF6-50,20 m,14,0.2864412657,0.08730729778,0
CS-LDF6-50,15 m,21,0.3526647258,0.1074922084,0
CS-LDF6-50,10 m,28,0.4083789162,0.1244738937,0
CS-LDF6-50,6 m,50,0.552,0.1682496,0
CS-LDF6-50,2 m,144,0.9619716651,0.2932089635,0
CS-LDF6-50,70 cm,432,1.747463488,0.5326268711,0
CS-LDF6-50,23 cm,1296,3.258332284,0.9931396801,0
CS-LDF6-50,13 cm,2400,4.712451293,1.436355154,0
CS-LDF6-50,6 cm,5760,8.113237606,2.472914822,1
CS-LDF7-50A,160 m,1.8,0.08440220841,0.02572579312,0
CS-LDF7-50A,80 m,3.5,0.1183479988,0.03607247005,0
CS-LDF7-50A,40 m,7,0.1684477186,0.05134286462,0
CS-LDF7-50A,20 m,14,0.2403575677,0.07326098663,0
CS-LDF7-50A,15 m,21,0.296342613,0.09032522843,0
CS-LDF7-50A,10 m,28,0.3435910815,0.1047265617,0
CS-LDF7-50A,6 m,50,0.465,0.141732,0
CS-LDF7-50A,2 m,144,0.8158986333,0.2486859034,0
CS-LDF7-50A,70 cm,432,1.496936584,0.4562662708,0
CS-LDF7-50A,23 cm,1296,2.84259801,0.8664238736,0
CS-LDF7-50A,13 cm,2400,4.158340021,1.267462038,0
BEL-83264,160 m,1.8,11.38146245,3.469069754,0
BEL-83264,80 m,3.5,13.41452255,4.088746475,0
BEL-83264,40 m,7,15.92121374,4.852785947,0
BEL-83264,20 m,14,19.19324978,5.850102534,0
BEL-83264,15 m,21,21.61872767,6.589388195,0
BEL-83264,10 m,28,23.52333105,7.169911305,0
BEL-83264,6 m,50,27.88713911,8.5,0
BEL-83264,2 m,144,36.89490299,11.24556643,0
BEL-83264,70 cm,432,54.01692626,16.46435912,0
BEL-83264,23 cm,1296,94.34414659,28.75609588,1
BEL-8263,160 m,1.8,2.297918324,0.700405505,0
BEL-8263,80 m,3.5,2.73752151,0.8343965563,0
BEL-8263,40 m,7,3.285497252,1.001419562,0
BEL-8263,20 m,14,4.248266886,1.294871747,0
BEL-8263,15 m,21,5.170948687,1.57610516,0
BEL-8263,10 m,28,5.944741877,1.811957324,0
BEL-8263,6 m,50,7.874015748,2.4,0
BEL-8263,2 m,144,13.51948361,4.120738605,0
BEL-8263,70 cm,432,24.01965259,7.321190111,0
BEL-8263,23 cm,1296,47.69670567,14.53795589,1
BEL-8261,160 m,1.8,0.9034427678,0.2753693556,0
BEL-8261,80 m,3.5,1.297254154,0.395403066,0
BEL-8261,40 m,7,1.891497932,0.5765285698,0
BEL-8261,20 m,14,2.613896601,0.7967156839,0
BEL-8261,15 m,21,3.055051289,0.931179633,0
BEL-8261,10 m,28,3.412508782,1.040132677,0
BEL-8261,6 m,50,4.265091864,1.3,0
BEL-8261,2 m,144,7.978214458,2.431759767,0
BEL-8261,70 cm,432,14.40497052,4.390635014,0
BEL-8261,23 cm,1296,25.9050261,7.895851955,1
BEL-1694A,160 m,1.8,1.041162378,0.3173462929,0
BEL-1694A,80 m,3.5,1.428147265,0.4352992863,0
BEL-1694A,40 m,7,2.001312336,0.61,0
BEL-1694A,20 m,14,2.740072569,0.8351741191,0
BEL-1694A,15 m,21,3.279716036,0.9996574477,0
BEL-1694A,10 m,28,3.71885985,1.133508482,0
BEL-1694A,6 m,50,4.762734663,1.451681525,0
BEL-1694A,2 m,144,7.571339352,2.307744235,0
BEL-1694A,70 cm,432,13.23627835,4.03441764,0
BEL-1694A,23 cm,1296,23.69403258,7.221941129,0
BEL-1694A,13 cm,2400,33.32701298,10.15807356,0
BEL-1694A,6 cm,5760,56.45066265,17.20616198,0
BEL-9292,160 m,1.8,0.8290833163,0.2527045948,0
BEL-9292,80 m,3.5,1.080243036,0.3292580774,0
BEL-9292,40 m,7,1.423355403,0.4338387269,0
BEL-9292,20 m,14,1.854909864,0.5653765265,0
BEL-9292,15 m,21,2.150965873,0.6556143982,0
BEL-9292,10 m,28,2.389256051,0.7282452443,0
BEL-9292,6 m,50,2.952755906,0.9,0
BEL-9292,2 m,144,4.757376275,1.450048289,0
BEL-9292,70 cm,432,7.930030335,2.417073246,0
BEL-9292,23 cm,1296,16.8557023,5.137618062,1
BEL-9269,160 m,1.8,1.302873438,0.3971158238,0
BEL-9269,80 m,3.5,1.78933938,0.545390643,0
BEL-9269,40 m,7,2.490694887,0.7591638016,0
BEL-9269,20 m,14,3.45199748,1.052168832,0
BEL-9269,15 m,21,4.167008932,1.270104322,0
BEL-9269,10 m,28,4.762442991,1.451592624,0
BEL-9269,6 m,50,6.233595801,1.9,0
BEL-9269,2 m,144,10.60297766,3.231787591,0
BEL-9269,70 cm,432,18.1711877,5.538578011,0
BEL-9269,23 cm,1296,33.01892503,10.06416835,1
