legacy_key,legacy_name,band,f_lo_mhz,f_hi_mhz,old_db_100ft,cable_id,new_lo_db_100ft,new_hi_db_100ft,dev_pct,status
S1-R05,RG178 B/U,70-100 MHz,70,100,12.4,BEL-83265,12.07363142,14,0,Uyumlu (±%10)
S1-R05,RG178 B/U,148-174 MHz,148,174,17,BEL-83265,16.63951566,17.86929594,0,Uyumlu (±%10)
S1-R05,RG178 B/U,400-520 MHz,400,520,30.4,BEL-83265,28,31.90853449,0,Uyumlu (±%10)
S1-R05,RG178 B/U,700-960 MHz,700,960,40.8,BEL-83265,37,44.61096115,0,Uyumlu (±%10)
S1-R06,RG174/U,1-10 MHz,1,10,2.5,BEL-8216,1.9,3.3,0,Uyumlu (±%10)
S1-R06,RG174/U,30-50 MHz,30,50,6.5,BEL-8216,4.849464562,5.8,0.1206896552,Fark %10-25
S1-R06,RG174/U,70-100 MHz,70,100,8,BEL-8216,6.942398295,8.4,0,Uyumlu (±%10)
S1-R06,RG174/U,148-174 MHz,148,174,10.6,BEL-8216,10.51765056,11.54054473,0,Uyumlu (±%10)
S1-R06,RG174/U,220 MHz,220,220,12,BEL-8216,13.24079761,13.24079761,-0.09371018591,Uyumlu (±%10)
S1-R06,RG174/U,400-520 MHz,400,520,19.2,BEL-8216,19,22.40276964,0,Uyumlu (±%10)
S1-R06,RG174/U,700-960 MHz,700,960,26.9,BEL-8216,27,32.80465502,-0.003703703704,Uyumlu (±%10)
S1-R06,RG174/U,1.2 GHz,1200,1300,33.55,BEL-8216,39.89329773,42.79343181,-0.1590066024,Fark %10-25 · ekstrapolasyon
S1-R06,RG174/U,2.4 GHz,2400,2500,53.38,BEL-8216,73.25270509,75.92190716,-0.2712897095,Fark >%25 · ekstrapolasyon
S1-R07,RG316,30-50 MHz,30,50,5.7,BEL-84316,4.442525901,5.6,0.01785714286,Uyumlu (±%10)
S1-R07,RG316,148-174 MHz,148,174,9.76,BEL-84316,10.22426233,11.14331712,-0.04540790481,Uyumlu (±%10)
S1-R07,RG316,400-520 MHz,400,520,18.6,BEL-84316,17.5,20.17379912,0,Uyumlu (±%10)
S1-R07,RG316,1.2 GHz,1200,1300,30.5,BEL-84316,32.16005274,33.65402078,-0.0516184706,Uyumlu (±%10)
S1-R07,RG316,2.4 GHz,2400,2500,36.6,BEL-84316,47.2,48.31082835,-0.2245762712,Fark %10-25
S1-R08,RG188 A/U,30-50 MHz,30,50,4.5,BEL-83269,4.442525901,5.6,0,Uyumlu (±%10)
S1-R08,RG188 A/U,148-174 MHz,148,174,8.8,BEL-83269,10.22426233,11.14331712,-0.1393022093,Fark %10-25
S1-R08,RG188 A/U,400-520 MHz,400,520,17.2,BEL-83269,17.5,20.17379912,-0.01714285714,Uyumlu (±%10)
S1-R08,RG188 A/U,1.2 GHz,1200,1300,30,BEL-83269,32.1956408,33.70762472,-0.06819683499,Uyumlu (±%10) · ekstrapolasyon
S1-R09,RG58C/U,1-10 MHz,1,10,1,BEL-8259,0.4,1.5,0,Uyumlu (±%10)
S1-R09,RG58C/U,30-50 MHz,30,50,3.5,BEL-8259,2.778102667,3.7,0,Uyumlu (±%10)
S1-R09,RG58C/U,70-100 MHz,70,100,4.7,BEL-8259,4.445339587,5.4,0,Uyumlu (±%10)
S1-R09,RG58C/U,148-174 MHz,148,174,6.5,BEL-8259,6.791887421,7.466310547,-0.04297589209,Uyumlu (±%10)
S1-R09,RG58C/U,220 MHz,220,220,7.4,BEL-8259,8.588443485,8.588443485,-0.1383770513,Fark %10-25
S1-R09,RG58C/U,400-520 MHz,400,520,11.5,BEL-8259,12.4,14.65142921,-0.07258064516,Uyumlu (±%10)
S1-R09,RG58C/U,700-960 MHz,700,960,18.2,BEL-8259,17.7,22.12565864,0,Uyumlu (±%10)
S1-R09,RG58C/U,1.2 GHz,1200,1300,21.1,BEL-8259,26.07166534,27.65251256,-0.1906922811,Fark %10-25 · ekstrapolasyon
S1-R09,RG58C/U,2.4 GHz,2400,2500,32.2,BEL-8259,43.40718086,44.73013615,-0.2581872547,Fark >%25 · ekstrapolasyon
S1-R09,RG58C/U,5.8 GHz,5725,5875,51.6,BEL-8259,82.27001596,83.84988021,-0.37279701,Fark >%25 · ekstrapolasyon
S1-R10,RG58 Messi and Paoloni,1-10 MHz,1,10,1,MP-RG58CU,0.4484886528,1.43256,0,Uyumlu (±%10) · ekstrapolasyon
S1-R10,RG58 Messi and Paoloni,30-50 MHz,30,50,2.8,MP-RG58CU,2.499197409,3.29184,0,Uyumlu (±%10)
S1-R10,RG58 Messi and Paoloni,70-100 MHz,70,100,4,MP-RG58CU,3.959564392,4.81584,0,Uyumlu (±%10)
S1-R10,RG58 Messi and Paoloni,148-174 MHz,148,174,5.8,MP-RG58CU,5.94948561,6.360122028,-0.02512580418,Uyumlu (±%10)
S1-R10,RG58 Messi and Paoloni,220 MHz,220,220,7,MP-RG58CU,7.130411753,7.130411753,-0.01828951229,Uyumlu (±%10)
S1-R10,RG58 Messi and Paoloni,400-520 MHz,400,520,10.1,MP-RG58CU,10.18808635,11.95450118,-0.008646015179,Uyumlu (±%10)
S1-R10,RG58 Messi and Paoloni,700-960 MHz,700,960,15.5,MP-RG58CU,14.34889689,16.85764076,0,Uyumlu (±%10)
S1-R10,RG58 Messi and Paoloni,1.2 GHz,1200,1300,19.2,MP-RG58CU,18.57167933,19.22809651,0,Uyumlu (±%10) · ekstrapolasyon
S1-R11,RG223/U,70-100 MHz,70,100,4.2,BEL-9273,3.369436299,4.1,0.0243902439,Uyumlu (±%10)
S1-R11,RG223/U,148-174 MHz,148,174,5.7,BEL-9273,5.085283712,5.558106215,0.02552916043,Uyumlu (±%10)
S1-R11,RG223/U,400-520 MHz,400,520,10,BEL-9273,8.8,10.17731712,0,Uyumlu (±%10)
S1-R11,RG223/U,700-960 MHz,700,960,13.7,BEL-9273,12,14.22466702,0,Uyumlu (±%10)
S1-R12,RG58 CELLFOAM™,70-100 MHz,70,100,4.1,BEL-8219,3.714740013,4.5,0,Uyumlu (±%10)
S1-R12,RG58 CELLFOAM™,148-174 MHz,148,174,5.6,BEL-8219,5.588420745,6.111190776,0,Uyumlu (±%10)
S1-R12,RG58 CELLFOAM™,400-520 MHz,400,520,9.8,BEL-8219,10,11.78683582,-0.02,Uyumlu (±%10)
S1-R12,RG58 CELLFOAM™,700-960 MHz,700,960,13.2,BEL-8219,14.2,17.50337782,-0.07042253521,Uyumlu (±%10)
S1-R13,RG400/U,400-520 MHz,400,520,9.6,HAR-M17-128-RG400,8.6,9.927934024,0,Uyumlu (±%10)
S1-R14,RG142B/U Flexible,70-100 MHz,70,100,3.3,BEL-83242,3.125911398,3.8,0,Uyumlu (±%10)
S1-R14,RG142B/U Flexible,148-174 MHz,148,174,4.9,BEL-83242,4.731868499,5.180282442,0,Uyumlu (±%10)
S1-R14,RG142B/U Flexible,400-520 MHz,400,520,8.9,BEL-83242,6.9,8.475734225,0.05005652183,Uyumlu (±%10)
S1-R14,RG142B/U Flexible,700-960 MHz,700,960,12,BEL-83242,10.7,12.78404384,0,Uyumlu (±%10)
S1-R15,RG8X Belden,1-10 MHz,1,10,0.8,BEL-9258,0.3,0.9,0,Uyumlu (±%10)
S1-R15,RG8X Belden,30-50 MHz,30,50,2.4,BEL-9258,1.604817836,2.1,0.1428571429,Fark %10-25
S1-R15,RG8X Belden,70-100 MHz,70,100,3.6,BEL-9258,2.537029709,3.1,0.1612903226,Fark %10-25
S1-R15,RG8X Belden,148-174 MHz,148,174,4.65,BEL-9258,3.827401833,4.17536676,0.1136746223,Fark %10-25
S1-R15,RG8X Belden,220 MHz,220,220,6,BEL-9258,4.743333607,4.743333607,0.2649331668,Fark >%25
S1-R15,RG8X Belden,400-520 MHz,400,520,8.6,BEL-9258,6.6,7.672633031,0.1208668478,Fark %10-25
S1-R15,RG8X Belden,700-960 MHz,700,960,12.6,BEL-9258,9.1,11.00356042,0.1450839105,Fark %10-25
S1-R15,RG8X Belden,1.2 GHz,1200,1300,13.7,BEL-9258,12.12105096,12.54897962,0.09172222884,Uyumlu (±%10) · ekstrapolasyon
S1-R16,RG8X (RG-8/U-Mini),1-10 MHz,1,10,0.6,BEL-9258,0.3,0.9,0,Uyumlu (±%10)
S1-R16,RG8X (RG-8/U-Mini),30-50 MHz,30,50,2,BEL-9258,1.604817836,2.1,0,Uyumlu (±%10)
S1-R16,RG8X (RG-8/U-Mini),70-100 MHz,70,100,3,BEL-9258,2.537029709,3.1,0,Uyumlu (±%10)
S1-R16,RG8X (RG-8/U-Mini),148-174 MHz,148,174,4.7,BEL-9258,3.827401833,4.17536676,0.1256496183,Fark %10-25
S1-R16,RG8X (RG-8/U-Mini),220 MHz,220,220,6,BEL-9258,4.743333607,4.743333607,0.2649331668,Fark >%25
S1-R16,RG8X (RG-8/U-Mini),400-520 MHz,400,520,7.6,BEL-9258,6.6,7.672633031,0,Uyumlu (±%10)
S1-R16,RG8X (RG-8/U-Mini),700-960 MHz,700,960,8.8,BEL-9258,9.1,11.00356042,-0.03296703297,Uyumlu (±%10)
S1-R16,RG8X (RG-8/U-Mini),1.2 GHz,1200,1300,15.9,BEL-9258,12.12105096,12.54897962,0.2670352875,Fark >%25 · ekstrapolasyon
S1-R16,RG8X (RG-8/U-Mini),2.4 GHz,2400,2500,23.1,BEL-9258,16.369148,16.661376,0.3864401113,Fark >%25 · ekstrapolasyon
S1-R16,RG8X (RG-8/U-Mini),5.8 GHz,5725,5875,40.9,BEL-9258,23.86089617,24.12990367,0.6949922617,Fark >%25 · ekstrapolasyon
S1-R17,RG58 CellFoil® RFI (9006),70-100 MHz,70,100,2.8,,,,,Doğrulanmadı
S1-R17,RG58 CellFoil® RFI (9006),148-174 MHz,148,174,4.2,,,,,Doğrulanmadı
S1-R17,RG58 CellFoil® RFI (9006),400-520 MHz,400,520,6.9,,,,,Doğrulanmadı
S1-R17,RG58 CellFoil® RFI (9006),700-960 MHz,700,960,9,,,,,Doğrulanmadı
S1-R18,LMR195-LMR200,30-50 MHz,30,50,2.2,TMS-LMR195,2,2.6,0,Uyumlu (±%10)
S1-R18,LMR195-LMR200,148-174 MHz,148,174,3.9,TMS-LMR195,4.371807991,4.763429987,-0.1079205656,Fark %10-25
S1-R18,LMR195-LMR200,220 MHz,220,220,4.8,TMS-LMR195,5.4,5.4,-0.1111111111,Fark %10-25
S1-R18,LMR195-LMR200,400-520 MHz,400,520,6.9,TMS-LMR195,7.341919768,8.404917624,-0.0601913099,Uyumlu (±%10)
S1-R18,LMR195-LMR200,700-960 MHz,700,960,9.9,TMS-LMR195,9.8,11.48112093,0,Uyumlu (±%10)
S1-R18,LMR195-LMR200,1.2 GHz,1200,1300,12,TMS-LMR195,12.90256771,13.45425234,-0.06995256532,Uyumlu (±%10)
S1-R19,Belden H155,1-10 MHz,1,10,0.92,BEL-H155A01,0.3747768428,1.034384086,0,Uyumlu (±%10) · ekstrapolasyon
S1-R19,Belden H155,30-50 MHz,30,50,1.98,BEL-H155A01,1.678993152,2.10312,0,Uyumlu (±%10)
S1-R19,Belden H155,70-100 MHz,70,100,2.75,BEL-H155A01,2.405518056,2.77368,0,Uyumlu (±%10)
S1-R19,Belden H155,148-174 MHz,148,174,3.45,BEL-H155A01,3.327837707,3.587720732,0,Uyumlu (±%10)
S1-R19,Belden H155,220 MHz,220,220,4.32,BEL-H155A01,4.000832206,4.000832206,0.07977535104,Uyumlu (±%10)
S1-R19,Belden H155,400-520 MHz,400,520,6.32,BEL-H155A01,5.4864,6.314909518,0.0008061052734,Uyumlu (±%10)
S1-R19,Belden H155,700-960 MHz,700,960,8.8,BEL-H155A01,7.405744397,8.823682033,0,Uyumlu (±%10)
S1-R19,Belden H155,1.2 GHz,1200,1300,9.5,BEL-H155A01,9.971610749,10.41944307,-0.0472953428,Uyumlu (±%10)
S1-R19,Belden H155,2.4 GHz,2400,2500,13.8,BEL-H155A01,14.96568,15.34504062,-0.07789021281,Uyumlu (±%10)
S1-R20,AIRBORNE 5™ Messi and Paoloni,1-10 MHz,1,10,0.8,MP-AIRBORNE5,0.3966648026,1.03632,0,Uyumlu (±%10) · ekstrapolasyon
S1-R20,AIRBORNE 5™ Messi and Paoloni,30-50 MHz,30,50,1.9,MP-AIRBORNE5,1.728117141,2.16408,0,Uyumlu (±%10)
S1-R20,AIRBORNE 5™ Messi and Paoloni,70-100 MHz,70,100,2.5,MP-AIRBORNE5,2.479887837,2.86512,0,Uyumlu (±%10)
S1-R20,AIRBORNE 5™ Messi and Paoloni,148-174 MHz,148,174,3.3,MP-AIRBORNE5,3.423731065,3.672732558,-0.03613924759,Uyumlu (±%10)
S1-R20,AIRBORNE 5™ Messi and Paoloni,220 MHz,220,220,4,MP-AIRBORNE5,4.097992256,4.097992256,-0.02391225988,Uyumlu (±%10)
S1-R20,AIRBORNE 5™ Messi and Paoloni,400-520 MHz,400,520,6,MP-AIRBORNE5,5.57784,6.412090616,0,Uyumlu (±%10)
S1-R20,AIRBORNE 5™ Messi and Paoloni,700-960 MHz,700,960,8.1,MP-AIRBORNE5,7.519388118,8.890100646,0,Uyumlu (±%10)
S1-R20,AIRBORNE 5™ Messi and Paoloni,1.2 GHz,1200,1300,10.4,MP-AIRBORNE5,10.00663667,10.44130006,0,Uyumlu (±%10)
S1-R20,AIRBORNE 5™ Messi and Paoloni,2.4 GHz,2400,2500,14.5,MP-AIRBORNE5,14.478,14.79651063,0,Uyumlu (±%10)
S1-R20,AIRBORNE 5™ Messi and Paoloni,5.8 GHz,5725,5875,21,MP-AIRBORNE5,22.47387717,22.78578636,-0.06558179347,Uyumlu (±%10)
S1-R21,RG62A/U,70-100 MHz,70,100,2.3,BEL-9269,2.253381208,2.7,0,Uyumlu (±%10)
S1-R21,RG62A/U,148-174 MHz,148,174,3.4,BEL-9269,3.275741345,3.547841163,0,Uyumlu (±%10)
S1-R21,RG62A/U,400-520 MHz,400,520,5.9,BEL-9269,5.3,6.158361369,0,Uyumlu (±%10)
S1-R21,RG62A/U,700-960 MHz,700,960,8,BEL-9269,7.3,8.502755285,0,Uyumlu (±%10)
S1-R22,LMR240 (TWB2401),1-10 MHz,1,10,0.56,TMS-LMR240,0.2178822334,0.7300951663,0,Uyumlu (±%10) · ekstrapolasyon
S1-R22,LMR240 (TWB2401),30-50 MHz,30,50,1.6,TMS-LMR240,1.3,1.7,0,Uyumlu (±%10)
S1-R22,LMR240 (TWB2401),70-100 MHz,70,100,2.3,TMS-LMR240,2.023006663,2.432662362,0,Uyumlu (±%10)
S1-R22,LMR240 (TWB2401),148-174 MHz,148,174,3,TMS-LMR240,2.979252914,3.253999152,0,Uyumlu (±%10)
S1-R22,LMR240 (TWB2401),220 MHz,220,220,3.7,TMS-LMR240,3.7,3.7,0,Uyumlu (±%10)
S1-R22,LMR240 (TWB2401),400-520 MHz,400,520,5.3,TMS-LMR240,4.995601817,5.694433203,0,Uyumlu (±%10)
S1-R22,LMR240 (TWB2401),700-960 MHz,700,960,7.6,TMS-LMR240,6.6,7.858150388,0,Uyumlu (±%10)
S1-R22,LMR240 (TWB2401),1.2 GHz,1200,1300,9.2,TMS-LMR240,8.82018644,9.193258797,0.0007332767595,Uyumlu (±%10)
S1-R22,LMR240 (TWB2401),2.4 GHz,2400,2500,12.9,TMS-LMR240,12.6317193,12.9,0,Uyumlu (±%10)
S1-R22,LMR240 (TWB2401),5.8 GHz,5725,5875,20.4,TMS-LMR240,20.25591571,20.54323825,0,Uyumlu (±%10) · ekstrapolasyon
S1-R23,RG213/214,30-50 MHz,30,50,1.5,BEL-8267,0.9893983097,1.3,0.1538461538,Fark %10-25
S1-R23,RG213/214,148-174 MHz,148,174,2.8,BEL-8267,2.317765416,2.515952544,0.1128985747,Fark %10-25
S1-R23,RG213/214,220 MHz,220,220,3.5,BEL-8267,2.859628825,2.859628825,0.2239350677,Fark %10-25
S1-R23,RG213/214,400-520 MHz,400,520,5.2,BEL-8267,4.1,5.088741913,0.02186357436,Uyumlu (±%10)
S1-R23,RG213/214,700-960 MHz,700,960,8,BEL-8267,6.5,7.842580489,0.02007241253,Uyumlu (±%10)
S1-R23,RG213/214,1.2 GHz,1200,1300,10.1,BEL-8267,9.110803862,9.645987187,0.04706753224,Uyumlu (±%10)
S1-R23,RG213/214,2.4 GHz,2400,2500,15.2,BEL-8267,14.93588406,15.37708062,0,Uyumlu (±%10)
S1-R23,RG213/214,5.8 GHz,5725,5875,28.6,BEL-8267,27.76413992,28.28097632,0.01128050439,Uyumlu (±%10) · ekstrapolasyon
S1-R24,HYPERFLEX 5™ Messi and Paoloni,1-10 MHz,1,10,0.6,MP-HYPERFLEX5,0.3257710195,0.79248,0,Uyumlu (±%10) · ekstrapolasyon
S1-R24,HYPERFLEX 5™ Messi and Paoloni,30-50 MHz,30,50,1.5,MP-HYPERFLEX5,1.294134705,1.6764,0,Uyumlu (±%10)
S1-R24,HYPERFLEX 5™ Messi and Paoloni,70-100 MHz,70,100,2,MP-HYPERFLEX5,2.010804497,2.4384,-0.00537322116,Uyumlu (±%10)
S1-R24,HYPERFLEX 5™ Messi and Paoloni,148-174 MHz,148,174,3,MP-HYPERFLEX5,2.968322155,3.230580256,0,Uyumlu (±%10)
S1-R24,HYPERFLEX 5™ Messi and Paoloni,220 MHz,220,220,3.5,MP-HYPERFLEX5,3.649822463,3.649822463,-0.04104924676,Uyumlu (±%10)
S1-R24,HYPERFLEX 5™ Messi and Paoloni,400-520 MHz,400,520,5,MP-HYPERFLEX5,4.96824,5.714028032,0,Uyumlu (±%10)
S1-R24,HYPERFLEX 5™ Messi and Paoloni,700-960 MHz,700,960,7.4,MP-HYPERFLEX5,6.658615353,7.871092017,0,Uyumlu (±%10)
S1-R24,HYPERFLEX 5™ Messi and Paoloni,1.2 GHz,1200,1300,9.3,MP-HYPERFLEX5,8.906461862,9.311838165,0,Uyumlu (±%10)
S1-R24,HYPERFLEX 5™ Messi and Paoloni,2.4 GHz,2400,2500,12.9,MP-HYPERFLEX5,12.954,13.25067705,-0.004168596572,Uyumlu (±%10)
S1-R24,HYPERFLEX 5™ Messi and Paoloni,5.8 GHz,5725,5875,19.9,MP-HYPERFLEX5,21.59071972,21.93533729,-0.07830770561,Uyumlu (±%10)
S1-R25,RG213/U,1-10 MHz,1,10,0.45,BEL-8267,0.17,0.55,0,Uyumlu (±%10)
S1-R25,RG213/U,30-50 MHz,30,50,1,BEL-8267,0.9893983097,1.3,0,Uyumlu (±%10)
S1-R25,RG213/U,70-100 MHz,70,100,1.9,BEL-8267,1.562955699,1.9,0,Uyumlu (±%10)
S1-R25,RG213/U,148-174 MHz,148,174,2.6,BEL-8267,2.317765416,2.515952544,0.03340581933,Uyumlu (±%10)
S1-R25,RG213/U,220 MHz,220,220,3.4,BEL-8267,2.859628825,2.859628825,0.1889654943,Fark %10-25
S1-R25,RG213/U,400-520 MHz,400,520,5,BEL-8267,4.1,5.088741913,0,Uyumlu (±%10)
S1-R25,RG213/U,700-960 MHz,700,960,7.4,BEL-8267,6.5,7.842580489,0,Uyumlu (±%10)
S1-R25,RG213/U,1.2 GHz,1200,1300,8.3,BEL-8267,9.110803862,9.645987187,-0.08899366889,Uyumlu (±%10)
S1-R26,RG214/U,1-10 MHz,1,10,0.35,BEL-8268,0.17,0.55,0,Uyumlu (±%10)
S1-R26,RG214/U,30-50 MHz,30,50,1.3,BEL-8268,0.9893983097,1.3,0,Uyumlu (±%10)
S1-R26,RG214/U,70-100 MHz,70,100,1.9,BEL-8268,1.562955699,1.9,0,Uyumlu (±%10)
S1-R26,RG214/U,148-174 MHz,148,174,2.6,BEL-8268,2.317765416,2.515952544,0.03340581933,Uyumlu (±%10)
S1-R26,RG214/U,220 MHz,220,220,2.8,BEL-8268,2.859628825,2.859628825,-0.02085194586,Uyumlu (±%10)
S1-R26,RG214/U,400-520 MHz,400,520,5,BEL-8268,4.1,5.088741913,0,Uyumlu (±%10)
S1-R26,RG214/U,700-960 MHz,700,960,7.4,BEL-8268,6.5,7.842580489,0,Uyumlu (±%10)
S1-R26,RG214/U,1.2 GHz,1200,1300,9.1,BEL-8268,9.024558071,9.514860959,0,Uyumlu (±%10)
S1-R27,RG213/U Messi and Paoloni,1-10 MHz,1,10,0.45,MP-RG213U,0.2179000717,0.64008,0,Uyumlu (±%10) · ekstrapolasyon
S1-R27,RG213/U Messi and Paoloni,30-50 MHz,30,50,1.2,MP-RG213U,1.071467535,1.3716,0,Uyumlu (±%10)
S1-R27,RG213/U Messi and Paoloni,70-100 MHz,70,100,1.8,MP-RG213U,1.589866903,1.85928,0,Uyumlu (±%10)
S1-R27,RG213/U Messi and Paoloni,148-174 MHz,148,174,2.2,MP-RG213U,2.321027896,2.539161509,-0.05214409363,Uyumlu (±%10)
S1-R27,RG213/U Messi and Paoloni,220 MHz,220,220,2.8,MP-RG213U,2.900911382,2.900911382,-0.03478609611,Uyumlu (±%10)
S1-R27,RG213/U Messi and Paoloni,400-520 MHz,400,520,4.5,MP-RG213U,4.119199958,4.819347194,0,Uyumlu (±%10)
S1-R27,RG213/U Messi and Paoloni,700-960 MHz,700,960,6.5,MP-RG213U,5.765139179,6.991654931,0,Uyumlu (±%10)
S1-R27,RG213/U Messi and Paoloni,1.2 GHz,1200,1300,8.4,MP-RG213U,8.022690164,8.428476283,0,Uyumlu (±%10) · ekstrapolasyon
S1-R28,"1/4"" Superflex (CELLFLEX SCF14-50J)",70-100 MHz,70,100,1.3,RFS-SCF14-50J,1.481788367,1.773936,-0.1226817343,Fark %10-25
S1-R28,"1/4"" Superflex (CELLFLEX SCF14-50J)",148-174 MHz,148,174,2.2,RFS-SCF14-50J,2.17277062,2.362508796,0,Uyumlu (±%10)
S1-R28,"1/4"" Superflex (CELLFLEX SCF14-50J)",400-520 MHz,400,520,4.2,RFS-SCF14-50J,3.64831028,4.19005832,0.002372682897,Uyumlu (±%10)
S1-R28,"1/4"" Superflex (CELLFLEX SCF14-50J)",700-960 MHz,700,960,5.6,RFS-SCF14-50J,4.90728,5.815909076,0,Uyumlu (±%10)
S1-R28,"1/4"" Superflex (CELLFLEX SCF14-50J)",2.4 GHz,2400,2500,9.9,RFS-SCF14-50J,9.622536,9.845800837,0.005504799859,Uyumlu (±%10)
S1-R28,"1/4"" Superflex (CELLFLEX SCF14-50J)",5.8 GHz,5725,5875,15.8,RFS-SCF14-50J,15.90338742,16.15692554,-0.006500968657,Uyumlu (±%10)
S1-R29,ULTRAFLEX 7™ Messi and Paoloni,1-10 MHz,1,10,0.5,MP-ULTRAFLEX7,0.2892534674,0.57912,0,Uyumlu (±%10) · ekstrapolasyon
S1-R29,ULTRAFLEX 7™ Messi and Paoloni,30-50 MHz,30,50,1.1,MP-ULTRAFLEX7,0.9462431216,1.2192,0,Uyumlu (±%10)
S1-R29,ULTRAFLEX 7™ Messi and Paoloni,70-100 MHz,70,100,1.5,MP-ULTRAFLEX7,1.460183079,1.76784,0,Uyumlu (±%10)
S1-R29,ULTRAFLEX 7™ Messi and Paoloni,148-174 MHz,148,174,2.1,MP-ULTRAFLEX7,2.133617233,2.322999705,-0.01575598121,Uyumlu (±%10)
S1-R29,ULTRAFLEX 7™ Messi and Paoloni,220 MHz,220,220,2.6,MP-ULTRAFLEX7,2.627627167,2.627627167,-0.01051411217,Uyumlu (±%10)
S1-R29,ULTRAFLEX 7™ Messi and Paoloni,400-520 MHz,400,520,3.7,MP-ULTRAFLEX7,3.59664,4.146887105,0,Uyumlu (±%10)
S1-R29,ULTRAFLEX 7™ Messi and Paoloni,700-960 MHz,700,960,5.2,MP-ULTRAFLEX7,4.855501955,5.753825668,0,Uyumlu (±%10)
S1-R29,ULTRAFLEX 7™ Messi and Paoloni,1.2 GHz,1200,1300,6.8,MP-ULTRAFLEX7,6.511707855,6.809645537,0,Uyumlu (±%10)
S1-R29,ULTRAFLEX 7™ Messi and Paoloni,2.4 GHz,2400,2500,9.8,MP-ULTRAFLEX7,9.84504,10.0525015,-0.004574892535,Uyumlu (±%10)
S1-R29,ULTRAFLEX 7™ Messi and Paoloni,5.8 GHz,5725,5875,15.5,MP-ULTRAFLEX7,16.36458147,16.6333779,-0.05283248297,Uyumlu (±%10)
S1-R30,"3/8"" RF9914",1-10 MHz,1,10,0.45,BEL-9914,0.2382549374,0.5,0,Uyumlu (±%10) · ekstrapolasyon
S1-R30,"3/8"" RF9914",30-50 MHz,30,50,1,BEL-9914,0.8025182993,1,0,Uyumlu (±%10)
S1-R30,"3/8"" RF9914",70-100 MHz,70,100,1.5,BEL-9914,1.177428296,1.4,0.07142857143,Uyumlu (±%10)
S1-R30,"3/8"" RF9914",148-174 MHz,148,174,1.65,BEL-9914,1.613837636,1.71137032,0,Uyumlu (±%10)
S1-R30,"3/8"" RF9914",220 MHz,220,220,2.1,BEL-9914,1.893354489,1.893354489,0.1091425361,Fark %10-25
S1-R30,"3/8"" RF9914",400-520 MHz,400,520,3.1,BEL-9914,2.6,3.028534967,0.02359722902,Uyumlu (±%10)
S1-R30,"3/8"" RF9914",700-960 MHz,700,960,4.9,BEL-9914,3.6,4.281244432,0.144527036,Fark %10-25
S1-R30,"3/8"" RF9914",1.2 GHz,1200,1300,5.5,BEL-9914,4.864399786,5.083469572,0.08193821613,Uyumlu (±%10)
S1-R31,"3/8"" Belden H1000",1-10 MHz,1,10,0.4,BEL-H1000C1,0.1015822215,0.3555377754,0.1250562604,Fark %10-25 · ekstrapolasyon
S1-R31,"3/8"" Belden H1000",30-50 MHz,30,50,0.92,BEL-H1000C1,0.6463565864,0.85344,0.07799025122,Uyumlu (±%10)
S1-R31,"3/8"" Belden H1000",70-100 MHz,70,100,1.2,BEL-H1000C1,1.014767527,1.2192,0,Uyumlu (±%10)
S1-R31,"3/8"" Belden H1000",148-174 MHz,148,174,1.6,BEL-H1000C1,1.489608723,1.61802959,0,Uyumlu (±%10)
S1-R31,"3/8"" Belden H1000",220 MHz,220,220,2,BEL-H1000C1,1.832508598,1.832508598,0.09140006354,Uyumlu (±%10)
S1-R31,"3/8"" Belden H1000",400-520 MHz,400,520,3.05,BEL-H1000C1,2.56032,2.95802473,0.03109347556,Uyumlu (±%10)
S1-R31,"3/8"" Belden H1000",700-960 MHz,700,960,4.3,BEL-H1000C1,3.483571525,4.167326695,0.03183655004,Uyumlu (±%10)
S1-R31,"3/8"" Belden H1000",1.2 GHz,1200,1300,4.75,BEL-H1000C1,4.74976933,4.978515721,0,Uyumlu (±%10)
S1-R31,"3/8"" Belden H1000",2.4 GHz,2400,2500,7.4,BEL-H1000C1,7.19328,7.379863771,0.002728536627,Uyumlu (±%10)
S1-R32,RG8 Type (Ericsson TZC 500),148-174 MHz,148,174,1.88,ERI-TZC50032,1.874327756,2.013484382,0,Uyumlu (±%10)
S1-R32,RG8 Type (Ericsson TZC 500),400-520 MHz,400,520,3,ERI-TZC50032,2.948650162,3.39821731,0,Uyumlu (±%10)
S1-R32,RG8 Type (Ericsson TZC 500),700-960 MHz,700,960,4.5,ERI-TZC50032,3.990927773,4.717502251,0,Uyumlu (±%10)
S1-R32,RG8 Type (Ericsson TZC 500),2.4 GHz,2400,2500,7.7,ERI-TZC50032,8.198471345,8.491548684,-0.06080052292,Uyumlu (±%10) · ekstrapolasyon
S1-R33,"3/8"" BURY-FLEX™ Davis RF",1-10 MHz,1,10,0.4,DAV-BURYFLEX,0.2520797158,0.6,0,Uyumlu (±%10) · ekstrapolasyon
S1-R33,"3/8"" BURY-FLEX™ Davis RF",30-50 MHz,30,50,1.1,DAV-BURYFLEX,0.9074892401,1.1,0,Uyumlu (±%10)
S1-R33,"3/8"" BURY-FLEX™ Davis RF",70-100 MHz,70,100,1.45,DAV-BURYFLEX,1.27873039,1.5,0,Uyumlu (±%10)
S1-R33,"3/8"" BURY-FLEX™ Davis RF",148-174 MHz,148,174,1.65,DAV-BURYFLEX,1.765046924,1.887679318,-0.06518066028,Uyumlu (±%10)
S1-R33,"3/8"" BURY-FLEX™ Davis RF",220 MHz,220,220,2.1,DAV-BURYFLEX,2.094706187,2.094706187,0.002527234076,Uyumlu (±%10)
S1-R33,"3/8"" BURY-FLEX™ Davis RF",400-520 MHz,400,520,3,DAV-BURYFLEX,2.8,3.270586554,0,Uyumlu (±%10)
S1-R33,"3/8"" BURY-FLEX™ Davis RF",700-960 MHz,700,960,4.8,DAV-BURYFLEX,3.9,4.640876773,0.03428731999,Uyumlu (±%10)
S1-R33,"3/8"" BURY-FLEX™ Davis RF",1.2 GHz,1200,1300,5.5,DAV-BURYFLEX,5.579979647,5.961296193,-0.01433332236,Uyumlu (±%10) · ekstrapolasyon
S1-R34,RG213 FOAM,30-50 MHz,30,50,1.15,BEL-9914,0.8025182993,1,0.15,Fark %10-25
S1-R34,RG213 FOAM,148-174 MHz,148,174,1.55,BEL-9914,1.613837636,1.71137032,-0.03955641792,Uyumlu (±%10)
S1-R34,RG213 FOAM,400-520 MHz,400,520,2.9,BEL-9914,2.6,3.028534967,0,Uyumlu (±%10)
S1-R34,RG213 FOAM,1.2 GHz,1200,1300,5.72,BEL-9914,4.864399786,5.083469572,0.1252157448,Fark %10-25
S1-R34,RG213 FOAM,2.4 GHz,2400,2500,7.23,BEL-9914,7.306205676,7.5,-0.01043026696,Uyumlu (±%10)
S1-R35,RG8 Type (Ericsson TZC 500),1-10 MHz,1,10,0.3,ERI-TZC50032,0.205347504,0.5688483174,0,Uyumlu (±%10) · ekstrapolasyon
S1-R35,RG8 Type (Ericsson TZC 500),30-50 MHz,30,50,0.85,ERI-TZC50032,0.9249664839,1.159566425,-0.08104778416,Uyumlu (±%10) · ekstrapolasyon
S1-R35,RG8 Type (Ericsson TZC 500),70-100 MHz,70,100,1.3,ERI-TZC50032,1.345731189,1.575808821,-0.03398241013,Uyumlu (±%10) · ekstrapolasyon
S1-R35,RG8 Type (Ericsson TZC 500),148-174 MHz,148,174,1.65,ERI-TZC50032,1.874327756,2.013484382,-0.1196843803,Fark %10-25
S1-R35,RG8 Type (Ericsson TZC 500),220 MHz,220,220,1.9,ERI-TZC50032,2.233716114,2.233716114,-0.1493995196,Fark %10-25
S1-R35,RG8 Type (Ericsson TZC 500),400-520 MHz,400,520,2.8,ERI-TZC50032,2.948650162,3.39821731,-0.05041295296,Uyumlu (±%10)
S1-R35,RG8 Type (Ericsson TZC 500),700-960 MHz,700,960,4.5,ERI-TZC50032,3.990927773,4.717502251,0,Uyumlu (±%10)
S1-R35,RG8 Type (Ericsson TZC 500),1.2 GHz,1200,1300,5.2,ERI-TZC50032,5.257204079,5.465492406,-0.01088108405,Uyumlu (±%10)
S1-R35,RG8 Type (Ericsson TZC 500),2.4 GHz,2400,2500,7.7,ERI-TZC50032,8.198471345,8.491548684,-0.06080052292,Uyumlu (±%10) · ekstrapolasyon
S1-R35,RG8 Type (Ericsson TZC 500),5.8 GHz,5725,5875,11.8,ERI-TZC50032,17.32180729,17.71159458,-0.318777781,Fark >%25 · ekstrapolasyon
S1-R36,"3/8"" Superflex (FSJ2-50) (CELLFLEX SCF38-50J)",70-100 MHz,70,100,0.9,CS-FSJ2-50,1.000428085,1.2018264,-0.100385112,Fark %10-25
S1-R36,"3/8"" Superflex (FSJ2-50) (CELLFLEX SCF38-50J)",148-174 MHz,148,174,1.5,CS-FSJ2-50,1.471970983,1.6014192,0,Uyumlu (±%10)
S1-R36,"3/8"" Superflex (FSJ2-50) (CELLFLEX SCF38-50J)",400-520 MHz,400,520,2.8,CS-FSJ2-50,2.4804624,2.85307856,0,Uyumlu (±%10)
S1-R36,"3/8"" Superflex (FSJ2-50) (CELLFLEX SCF38-50J)",700-960 MHz,700,960,3.8,CS-FSJ2-50,3.3473136,3.9742872,0,Uyumlu (±%10)
S1-R36,"3/8"" Superflex (FSJ2-50) (CELLFLEX SCF38-50J)",2.4 GHz,2400,2500,6.9,CS-FSJ2-50,6.624409557,6.780276,0.01765768827,Uyumlu (±%10)
S1-R36,"3/8"" Superflex (FSJ2-50) (CELLFLEX SCF38-50J)",5.8 GHz,5725,5875,10.9,CS-FSJ2-50,11.01030621,11.1827685,-0.01001845066,Uyumlu (±%10)
S1-R37,ULTRAFLEX 10™ Messi and Paoloni,1-10 MHz,1,10,0.3,MP-ULTRAFLEX10,0.2001908082,0.39624,0,Uyumlu (±%10) · ekstrapolasyon
S1-R37,ULTRAFLEX 10™ Messi and Paoloni,30-50 MHz,30,50,0.7,MP-ULTRAFLEX10,0.631761904,0.82296,0,Uyumlu (±%10)
S1-R37,ULTRAFLEX 10™ Messi and Paoloni,70-100 MHz,70,100,1,MP-ULTRAFLEX10,0.983788633,1.18872,0,Uyumlu (±%10)
S1-R37,ULTRAFLEX 10™ Messi and Paoloni,148-174 MHz,148,174,1.5,MP-ULTRAFLEX10,1.455795138,1.600937599,0,Uyumlu (±%10)
S1-R37,ULTRAFLEX 10™ Messi and Paoloni,220 MHz,220,220,1.8,MP-ULTRAFLEX10,1.829493364,1.829493364,-0.01612105532,Uyumlu (±%10)
S1-R37,ULTRAFLEX 10™ Messi and Paoloni,400-520 MHz,400,520,2.7,MP-ULTRAFLEX10,2.52984,2.91008782,0,Uyumlu (±%10)
S1-R37,ULTRAFLEX 10™ Messi and Paoloni,700-960 MHz,700,960,3.7,MP-ULTRAFLEX10,3.426934637,4.106286958,0,Uyumlu (±%10)
S1-R37,ULTRAFLEX 10™ Messi and Paoloni,1.2 GHz,1200,1300,5,MP-ULTRAFLEX10,4.749058775,5.007933164,0,Uyumlu (±%10)
S1-R37,ULTRAFLEX 10™ Messi and Paoloni,2.4 GHz,2400,2500,7.2,MP-ULTRAFLEX10,7.22376,7.413076332,-0.003289145819,Uyumlu (±%10)
S1-R37,ULTRAFLEX 10™ Messi and Paoloni,5.8 GHz,5725,5875,11.8,MP-ULTRAFLEX10,13.10219886,13.35457547,-0.09938781038,Uyumlu (±%10)
S1-R38,LMR400,30-50 MHz,30,50,0.85,TMS-LMR400,0.7,0.9,0,Uyumlu (±%10)
S1-R38,LMR400,70-100 MHz,70,100,1.15,TMS-LMR400,1.05241778,1.242262817,0,Uyumlu (±%10)
S1-R38,LMR400,148-174 MHz,148,174,1.5,TMS-LMR400,1.490667132,1.643901278,0,Uyumlu (±%10)
S1-R38,LMR400,220 MHz,220,220,1.8,TMS-LMR400,1.9,1.9,-0.05263157895,Uyumlu (±%10)
S1-R38,LMR400,400-520 MHz,400,520,2.7,TMS-LMR400,2.548272351,2.917145098,0,Uyumlu (±%10)
S1-R38,LMR400,700-960 MHz,700,960,3.9,TMS-LMR400,3.42,4.034447847,0,Uyumlu (±%10)
S1-R38,LMR400,1.2 GHz,1200,1300,4.8,TMS-LMR400,4.536042771,4.730779728,0.01463189494,Uyumlu (±%10)
S1-R38,LMR400,2.4 GHz,2400,2500,6.8,TMS-LMR400,6.646066682,6.8,0,Uyumlu (±%10)
S1-R38,LMR400,5.8 GHz,5725,5875,10.8,TMS-LMR400,10.72300431,10.87654866,0,Uyumlu (±%10) · ekstrapolasyon
S1-R39,"1/4"" HELIAX® (FSJ1-50A)",70-100 MHz,70,100,1.1,CS-FSJ1-50A,1.496307859,1.7949672,-0.2648571659,Fark >%25
S1-R39,"1/4"" HELIAX® (FSJ1-50A)",148-174 MHz,148,174,1.5,CS-FSJ1-50A,2.194626589,2.38506,-0.3165124273,Fark >%25
S1-R39,"1/4"" HELIAX® (FSJ1-50A)",400-520 MHz,400,520,2.7,CS-FSJ1-50A,3.6731448,4.214582901,-0.2649350497,Fark >%25
S1-R39,"1/4"" HELIAX® (FSJ1-50A)",700-960 MHz,700,960,3.6,CS-FSJ1-50A,4.93014,5.8320432,-0.2697976122,Fark >%25
S1-R39,"1/4"" HELIAX® (FSJ1-50A)",2.4 GHz,2400,2500,5.8,CS-FSJ1-50A,9.588171818,9.8066352,-0.3950880199,Fark >%25
S1-R39,"1/4"" HELIAX® (FSJ1-50A)",5.8 GHz,5725,5875,11.2,CS-FSJ1-50A,15.64959541,15.88393779,-0.2843265463,Fark >%25
S1-R40,HYPERFLEX 10™ Messi and Paoloni,1-10 MHz,1,10,0.3,MP-HYPERFLEX10,0.2001908082,0.39624,0,Uyumlu (±%10) · ekstrapolasyon
S1-R40,HYPERFLEX 10™ Messi and Paoloni,30-50 MHz,30,50,0.7,MP-HYPERFLEX10,0.631761904,0.82296,0,Uyumlu (±%10)
S1-R40,HYPERFLEX 10™ Messi and Paoloni,70-100 MHz,70,100,1,MP-HYPERFLEX10,0.983788633,1.18872,0,Uyumlu (±%10)
S1-R40,HYPERFLEX 10™ Messi and Paoloni,148-174 MHz,148,174,1.4,MP-HYPERFLEX10,1.453647623,1.584697007,-0.03690552132,Uyumlu (±%10)
S1-R40,HYPERFLEX 10™ Messi and Paoloni,220 MHz,220,220,1.7,MP-HYPERFLEX10,1.801776739,1.801776739,-0.05648687581,Uyumlu (±%10)
S1-R40,HYPERFLEX 10™ Messi and Paoloni,400-520 MHz,400,520,2.6,MP-HYPERFLEX10,2.52984,2.895278318,0,Uyumlu (±%10)
S1-R40,HYPERFLEX 10™ Messi and Paoloni,700-960 MHz,700,960,3.6,MP-HYPERFLEX10,3.382394785,3.996572946,0,Uyumlu (±%10)
S1-R40,HYPERFLEX 10™ Messi and Paoloni,1.2 GHz,1200,1300,4.7,MP-HYPERFLEX10,4.504046313,4.702085725,0,Uyumlu (±%10)
S1-R40,HYPERFLEX 10™ Messi and Paoloni,2.4 GHz,2400,2500,6.6,MP-HYPERFLEX10,6.64464,6.793161201,-0.006718196923,Uyumlu (±%10)
S1-R40,HYPERFLEX 10™ Messi and Paoloni,5.8 GHz,5725,5875,10,MP-HYPERFLEX10,10.9369378,11.106856,-0.08566728804,Uyumlu (±%10)
S1-R41,AIRBORNE 10™ Messi and Paoloni,1-10 MHz,1,10,0.25,MP-AIRBORNE10,0.1418176265,0.36576,0,Uyumlu (±%10) · ekstrapolasyon
S1-R41,AIRBORNE 10™ Messi and Paoloni,30-50 MHz,30,50,0.6,MP-AIRBORNE10,0.5954441808,0.73152,0,Uyumlu (±%10)
S1-R41,AIRBORNE 10™ Messi and Paoloni,70-100 MHz,70,100,0.9,MP-AIRBORNE10,0.878550423,1.0668,0,Uyumlu (±%10)
S1-R41,AIRBORNE 10™ Messi and Paoloni,148-174 MHz,148,174,1.2,MP-AIRBORNE10,1.298912094,1.415418401,-0.07614995241,Uyumlu (±%10)
S1-R41,AIRBORNE 10™ Messi and Paoloni,220 MHz,220,220,1.6,MP-AIRBORNE10,1.602361006,1.602361006,-0.001473454447,Uyumlu (±%10)
S1-R41,AIRBORNE 10™ Messi and Paoloni,400-520 MHz,400,520,2.4,MP-AIRBORNE10,2.19456,2.549924418,0,Uyumlu (±%10)
S1-R41,AIRBORNE 10™ Messi and Paoloni,700-960 MHz,700,960,3.1,MP-AIRBORNE10,2.963120244,3.514494976,0,Uyumlu (±%10)
S1-R41,AIRBORNE 10™ Messi and Paoloni,1.2 GHz,1200,1300,4.1,MP-AIRBORNE10,3.974227133,4.152435177,0,Uyumlu (±%10)
S1-R41,AIRBORNE 10™ Messi and Paoloni,2.4 GHz,2400,2500,5.8,MP-AIRBORNE10,5.85216,5.979626526,-0.008912948381,Uyumlu (±%10)
S1-R41,AIRBORNE 10™ Messi and Paoloni,5.8 GHz,5725,5875,8.9,MP-AIRBORNE10,9.702774271,9.86412136,-0.08273657081,Uyumlu (±%10)
S1-R42,"1/2"" Superflex (FSJ4-50B HELIAX®)",30-50 MHz,30,50,0.7,CS-FSJ4-50B,0.557784,0.725424,0,Uyumlu (±%10)
S1-R42,"1/2"" Superflex (FSJ4-50B HELIAX®)",70-100 MHz,70,100,0.8,CS-FSJ4-50B,0.8635926895,1.039368,-0.07363736434,Uyumlu (±%10)
S1-R42,"1/2"" Superflex (FSJ4-50B HELIAX®)",148-174 MHz,148,174,1.29,CS-FSJ4-50B,1.274298421,1.389888,0,Uyumlu (±%10)
S1-R42,"1/2"" Superflex (FSJ4-50B HELIAX®)",220 MHz,220,220,1.58,CS-FSJ4-50B,1.574284929,1.574284929,0.003630264461,Uyumlu (±%10)
S1-R42,"1/2"" Superflex (FSJ4-50B HELIAX®)",400-520 MHz,400,520,2.4,CS-FSJ4-50B,2.170176,2.505314154,0,Uyumlu (±%10)
S1-R42,"1/2"" Superflex (FSJ4-50B HELIAX®)",700-960 MHz,700,960,3.4,CS-FSJ4-50B,2.950464,3.53568,0,Uyumlu (±%10)
S1-R42,"1/2"" Superflex (FSJ4-50B HELIAX®)",1.2 GHz,1200,1300,4.37,CS-FSJ4-50B,3.990407753,4.17861858,0.04580016488,Uyumlu (±%10)
S1-R42,"1/2"" Superflex (FSJ4-50B HELIAX®)",2.4 GHz,2400,2500,5.9,CS-FSJ4-50B,5.972208283,6.120246551,-0.0120907175,Uyumlu (±%10)
S1-R42,"1/2"" Superflex (FSJ4-50B HELIAX®)",5.8 GHz,5725,5875,10.2,CS-FSJ4-50B,10.18253962,10.34824422,0,Uyumlu (±%10)
S1-R43,"1/2"" 10D-FB Type",70-100 MHz,70,100,0.9,GEN-10D-FB,0.7613272107,0.9150227478,0,Uyumlu (±%10)
S1-R43,"1/2"" 10D-FB Type",148-174 MHz,148,174,1.2,GEN-10D-FB,1.119982493,1.231564009,0,Uyumlu (±%10)
S1-R43,"1/2"" 10D-FB Type",400-520 MHz,400,520,2.4,GEN-10D-FB,2.018025275,2.340593489,0.02538096054,Uyumlu (±%10)
S1-R43,"1/2"" 10D-FB Type",700-960 MHz,700,960,3.1,GEN-10D-FB,2.750024372,3.248895838,0,Uyumlu (±%10)
S1-R44,"3/8"" LDF",148-174 MHz,148,174,1.3,CS-LDF2-50,1.277043265,1.3892784,0,Uyumlu (±%10)
S1-R44,"3/8"" LDF",220 MHz,220,220,1.6,CS-LDF2-50,1.570375089,1.570375089,0.0188648633,Uyumlu (±%10)
S1-R44,"3/8"" LDF",400-520 MHz,400,520,2.3,CS-LDF2-50,2.1509736,2.473470189,0,Uyumlu (±%10)
S1-R44,"3/8"" LDF",700-960 MHz,700,960,3.4,CS-LDF2-50,2.9013912,3.4439352,0,Uyumlu (±%10)
S1-R44,"3/8"" LDF",1.2 GHz,1200,1300,4.2,CS-LDF2-50,3.892212607,4.067758638,0.03250963836,Uyumlu (±%10)
S1-R44,"3/8"" LDF",2.4 GHz,2400,2500,5.9,CS-LDF2-50,5.734814382,5.8695336,0.005190599812,Uyumlu (±%10)
S1-R44,"3/8"" LDF",5.8 GHz,5725,5875,8.1,CS-LDF2-50,9.520118407,9.66822203,-0.1491702462,Fark %10-25
S1-R45,"3/8"" HELIAX®",70-100 MHz,70,100,0.9,CS-LDF2-50,0.8681834577,1.0427208,0,Uyumlu (±%10)
S1-R45,"3/8"" HELIAX®",148-174 MHz,148,174,1.3,CS-LDF2-50,1.277043265,1.3892784,0,Uyumlu (±%10)
S1-R45,"3/8"" HELIAX®",400-520 MHz,400,520,2.3,CS-LDF2-50,2.1509736,2.473470189,0,Uyumlu (±%10)
S1-R45,"3/8"" HELIAX®",700-960 MHz,700,960,3.3,CS-LDF2-50,2.9013912,3.4439352,0,Uyumlu (±%10)
S1-R45,"3/8"" HELIAX®",2.4 GHz,2400,2500,5.7,CS-LDF2-50,5.734814382,5.8695336,-0.006070707693,Uyumlu (±%10)
S1-R45,"3/8"" HELIAX®",5.8 GHz,5725,5875,9.5,CS-LDF2-50,9.520118407,9.66822203,-0.002113251724,Uyumlu (±%10)
S1-R46,ULTRAFLEX 13™ Messi and Paoloni,1-10 MHz,1,10,0.23,MP-ULTRAFLEX13,0.1230875165,0.3048,0,Uyumlu (±%10) · ekstrapolasyon
S1-R46,ULTRAFLEX 13™ Messi and Paoloni,30-50 MHz,30,50,0.48,MP-ULTRAFLEX13,0.4731215608,0.6096,0,Uyumlu (±%10)
S1-R46,ULTRAFLEX 13™ Messi and Paoloni,70-100 MHz,70,100,0.78,MP-ULTRAFLEX13,0.7177602895,0.85344,0,Uyumlu (±%10)
S1-R46,ULTRAFLEX 13™ Messi and Paoloni,148-174 MHz,148,174,1.09,MP-ULTRAFLEX13,1.113662284,1.215543794,-0.02124727025,Uyumlu (±%10)
S1-R46,ULTRAFLEX 13™ Messi and Paoloni,220 MHz,220,220,1.35,MP-ULTRAFLEX13,1.37717183,1.37717183,-0.01973016709,Uyumlu (±%10)
S1-R46,ULTRAFLEX 13™ Messi and Paoloni,400-520 MHz,400,520,2.1,MP-ULTRAFLEX13,1.878786018,2.172640824,0,Uyumlu (±%10)
S1-R46,ULTRAFLEX 13™ Messi and Paoloni,700-960 MHz,700,960,2.8,MP-ULTRAFLEX13,2.571449088,3.079359348,0,Uyumlu (±%10)
S1-R46,ULTRAFLEX 13™ Messi and Paoloni,1.2 GHz,1200,1300,3.6,MP-ULTRAFLEX13,3.49969662,3.664403096,0,Uyumlu (±%10)
S1-R46,ULTRAFLEX 13™ Messi and Paoloni,2.4 GHz,2400,2500,5.3,MP-ULTRAFLEX13,5.30352,5.43359582,-0.0006637101397,Uyumlu (±%10)
S1-R46,ULTRAFLEX 13™ Messi and Paoloni,5.8 GHz,5725,5875,8.2,MP-ULTRAFLEX13,8.8852967,9.022752537,-0.07712704742,Uyumlu (±%10) · ekstrapolasyon
S1-R47,LMR500,30-50 MHz,30,50,0.7,TMS-LMR500,0.54,0.7,0,Uyumlu (±%10)
S1-R47,LMR500,70-100 MHz,70,100,0.95,TMS-LMR500,0.8298304058,0.9938418534,0,Uyumlu (±%10)
S1-R47,LMR500,148-174 MHz,148,174,1.1,TMS-LMR500,1.211747286,1.318279375,-0.09221995961,Uyumlu (±%10)
S1-R47,LMR500,400-520 MHz,400,520,2.1,TMS-LMR500,2.039796075,2.350459332,0,Uyumlu (±%10)
S1-R47,LMR500,700-960 MHz,700,960,3.2,TMS-LMR500,2.77,3.241578826,0,Uyumlu (±%10)
S1-R47,LMR500,1.2 GHz,1200,1300,3.5,TMS-LMR500,3.658923414,3.821378274,-0.04343447404,Uyumlu (±%10)
S1-R48,HYPERFLEX 13™ Messi and Paoloni,1-10 MHz,1,10,0.24,MP-HYPERFLEX13,0.1297164287,0.3048,0,Uyumlu (±%10) · ekstrapolasyon
S1-R48,HYPERFLEX 13™ Messi and Paoloni,30-50 MHz,30,50,0.5,MP-HYPERFLEX13,0.4731215608,0.6096,0,Uyumlu (±%10)
S1-R48,HYPERFLEX 13™ Messi and Paoloni,70-100 MHz,70,100,0.8,MP-HYPERFLEX13,0.7177602895,0.85344,0,Uyumlu (±%10)
S1-R48,HYPERFLEX 13™ Messi and Paoloni,148-174 MHz,148,174,1.1,MP-HYPERFLEX13,1.111478789,1.199177953,-0.01032749275,Uyumlu (±%10)
S1-R48,HYPERFLEX 13™ Messi and Paoloni,220 MHz,220,220,1.35,MP-HYPERFLEX13,1.34756865,1.34756865,0.001804249145,Uyumlu (±%10)
S1-R48,HYPERFLEX 13™ Messi and Paoloni,400-520 MHz,400,520,2,MP-HYPERFLEX13,1.85928,2.165304264,0,Uyumlu (±%10)
S1-R48,HYPERFLEX 13™ Messi and Paoloni,700-960 MHz,700,960,2.7,MP-HYPERFLEX13,2.549242921,3.014219559,0,Uyumlu (±%10)
S1-R48,HYPERFLEX 13™ Messi and Paoloni,1.2 GHz,1200,1300,3.5,MP-HYPERFLEX13,3.413849528,3.572404411,0,Uyumlu (±%10)
S1-R48,HYPERFLEX 13™ Messi and Paoloni,2.4 GHz,2400,2500,5,MP-HYPERFLEX13,5.05968,5.181224711,-0.01179521235,Uyumlu (±%10)
S1-R48,HYPERFLEX 13™ Messi and Paoloni,5.8 GHz,5725,5875,7.8,MP-HYPERFLEX13,8.494199762,8.633054933,-0.0817263287,Uyumlu (±%10)
S1-R49,LMR600,30-50 MHz,30,50,0.6,TMS-LMR600,0.421,0.547,0.09689213894,Uyumlu (±%10)
S1-R49,LMR600,70-100 MHz,70,100,0.75,TMS-LMR600,0.650664747,0.7820826382,0,Uyumlu (±%10)
S1-R49,LMR600,148-174 MHz,148,174,0.96,TMS-LMR600,0.9573489616,1.04256675,0,Uyumlu (±%10)
S1-R49,LMR600,220 MHz,220,220,1.2,TMS-LMR600,1.18,1.18,0.01694915254,Uyumlu (±%10)
S1-R49,LMR600,400-520 MHz,400,520,1.7,TMS-LMR600,1.616568371,1.858701549,0,Uyumlu (±%10)
S1-R49,LMR600,700-960 MHz,700,960,2.5,TMS-LMR600,2.18,2.590237165,0,Uyumlu (±%10)
S1-R49,LMR600,1.2 GHz,1200,1300,3.1,TMS-LMR600,2.928085555,3.05972739,0.01316215621,Uyumlu (±%10)
S1-R49,LMR600,2.4 GHz,2400,2500,4.4,TMS-LMR600,4.319943343,4.42,0,Uyumlu (±%10)
S1-R49,LMR600,5.8 GHz,5725,5875,7.3,TMS-LMR600,7.034886511,7.137685931,0.02274043301,Uyumlu (±%10) · ekstrapolasyon
S1-R50,"1/2"" HELIAX®",70-100 MHz,70,100,0.6,CS-LDF4-50A,0.5506175206,0.6611112,0,Uyumlu (±%10)
S1-R50,"1/2"" HELIAX®",148-174 MHz,148,174,0.8,CS-LDF4-50A,0.8091035417,0.8799576,-0.01125139275,Uyumlu (±%10)
S1-R50,"1/2"" HELIAX®",400-520 MHz,400,520,1.6,CS-LDF4-50A,1.3600176,1.562753608,0.02383382224,Uyumlu (±%10)
S1-R50,"1/2"" HELIAX®",700-960 MHz,700,960,2.2,CS-LDF4-50A,1.8315432,2.1713952,0.01317346561,Uyumlu (±%10)
S1-R50,"1/2"" HELIAX®",2.4 GHz,2400,2500,3.7,CS-LDF4-50A,3.601219265,3.685032,0.004061837184,Uyumlu (±%10)
S1-R50,"1/2"" HELIAX®",5.8 GHz,5725,5875,5.9,CS-LDF4-50A,5.945905258,6.037316679,-0.007720482595,Uyumlu (±%10)
S1-R51,"1/2"" LDF",148-174 MHz,148,174,0.85,CS-LDF4-50A,0.8091035417,0.8799576,0,Uyumlu (±%10)
S1-R51,"1/2"" LDF",220 MHz,220,220,1.1,CS-LDF4-50A,0.9940066371,0.9940066371,0.1066324499,Fark %10-25
S1-R51,"1/2"" LDF",400-520 MHz,400,520,1.5,CS-LDF4-50A,1.3600176,1.562753608,0,Uyumlu (±%10)
S1-R51,"1/2"" LDF",700-960 MHz,700,960,2.2,CS-LDF4-50A,1.8315432,2.1713952,0.01317346561,Uyumlu (±%10)
S1-R51,"1/2"" LDF",1.2 GHz,1200,1300,2.7,CS-LDF4-50A,2.451962655,2.5619184,0.05389773531,Uyumlu (±%10)
S1-R51,"1/2"" LDF",2.4 GHz,2400,2500,3.9,CS-LDF4-50A,3.601219265,3.685032,0.05833545,Uyumlu (±%10)
S1-R51,"1/2"" LDF",5.8 GHz,5725,5875,6.6,CS-LDF4-50A,5.945905258,6.037316679,0.09320089544,Uyumlu (±%10)
S1-R52,LMR900,30-50 MHz,30,50,0.35,TMS-LMR900,0.288,0.374,0,Uyumlu (±%10)
S1-R52,LMR900,148-174 MHz,148,174,0.66,TMS-LMR900,0.6534737034,0.7107927779,0,Uyumlu (±%10)
S1-R52,LMR900,220 MHz,220,220,0.8,TMS-LMR900,0.803,0.803,-0.003735990037,Uyumlu (±%10)
S1-R52,LMR900,400-520 MHz,400,520,1.17,TMS-LMR900,1.099715839,1.263537722,0,Uyumlu (±%10)
S1-R52,LMR900,700-960 MHz,700,960,1.7,TMS-LMR900,1.48,1.760291248,0,Uyumlu (±%10)
S1-R52,LMR900,1.2 GHz,1200,1300,2.15,TMS-LMR900,1.985712063,2.073423098,0.03693259788,Uyumlu (±%10)
S1-R53,"7/8"" HELIAX®",70-100 MHz,70,100,0.3,CS-LDF5-50A,0.3021768687,0.3636264,-0.007203955607,Uyumlu (±%10)
S1-R53,"7/8"" HELIAX®",148-174 MHz,148,174,0.5,CS-LDF5-50A,0.4464325697,0.4858512,0.02912167347,Uyumlu (±%10)
S1-R53,"7/8"" HELIAX®",400-520 MHz,400,520,0.9,CS-LDF5-50A,0.7577328,0.873630964,0.03018326628,Uyumlu (±%10)
S1-R53,"7/8"" HELIAX®",700-960 MHz,700,960,1.3,CS-LDF5-50A,1.0283952,1.2259056,0.06044054289,Uyumlu (±%10)
S1-R53,"7/8"" HELIAX®",2.4 GHz,2400,2500,2.3,CS-LDF5-50A,2.073380678,2.1238464,0.08294083791,Uyumlu (±%10)
S1-R54,LMR1200,30-50 MHz,30,50,0.25,TMS-LMR1200,0.209,0.272,0,Uyumlu (±%10)
S1-R54,LMR1200,148-174 MHz,148,174,0.48,TMS-LMR1200,0.4776614044,0.5202785839,0,Uyumlu (±%10)
S1-R54,LMR1200,220 MHz,220,220,0.59,TMS-LMR1200,0.589,0.589,0.001697792869,Uyumlu (±%10)
S1-R54,LMR1200,400-520 MHz,400,520,0.87,TMS-LMR1200,0.8111971634,0.9350468025,0,Uyumlu (±%10)
S1-R54,LMR1200,700-960 MHz,700,960,1.27,TMS-LMR1200,1.1,1.316680981,0,Uyumlu (±%10)
S1-R54,LMR1200,1.2 GHz,1200,1300,1.6,TMS-LMR1200,1.491707363,1.560006996,0.02563642575,Uyumlu (±%10)
S1-R55,"7/8"" LDF",148-174 MHz,148,174,0.46,CS-LDF5-50A,0.4464325697,0.4858512,0,Uyumlu (±%10)
S1-R55,"7/8"" LDF",220 MHz,220,220,0.56,CS-LDF5-50A,0.5502953997,0.5502953997,0.01763525608,Uyumlu (±%10)
S1-R55,"7/8"" LDF",400-520 MHz,400,520,0.83,CS-LDF5-50A,0.7577328,0.873630964,0,Uyumlu (±%10)
S1-R55,"7/8"" LDF",700-960 MHz,700,960,1.2,CS-LDF5-50A,1.0283952,1.2259056,0,Uyumlu (±%10)
S1-R55,"7/8"" LDF",1.2 GHz,1200,1300,1.5,CS-LDF5-50A,1.390118359,1.454654373,0.03117278425,Uyumlu (±%10)
S1-R55,"7/8"" LDF",2.4 GHz,2400,2500,2.3,CS-LDF5-50A,2.073380678,2.1238464,0.08294083791,Uyumlu (±%10)
S1-R55,"7/8"" LDF",5.8 GHz,5725,5875,3.8,CS-LDF5-50A,3.508363923,3.56472307,0.06600146083,Uyumlu (±%10) · ekstrapolasyon
S1-R56,"1 1/4"" LDF",148-174 MHz,148,174,0.34,CS-LDF6-50,0.2974955469,0.323088,0.05234487199,Uyumlu (±%10)
S1-R56,"1 1/4"" LDF",220 MHz,220,220,0.42,CS-LDF6-50,0.3689426134,0.3689426134,0.1383884234,Fark %10-25
S1-R56,"1 1/4"" LDF",400-520 MHz,400,520,0.62,CS-LDF6-50,0.509016,0.5903649507,0.05019784669,Uyumlu (±%10)
S1-R56,"1 1/4"" LDF",700-960 MHz,700,960,0.91,CS-LDF6-50,0.697992,0.835152,0.08962200893,Uyumlu (±%10)
S1-R56,"1 1/4"" LDF",1.2 GHz,1200,1300,1.1,CS-LDF6-50,0.9493912826,0.9949362188,0.1055985089,Fark %10-25
S1-R56,"1 1/4"" LDF",2.4 GHz,2400,2500,1.7,CS-LDF6-50,1.436355154,1.473089697,0.1540369901,Fark %10-25
S1-R56,"1 1/4"" LDF",5.8 GHz,5725,5875,2.8,CS-LDF6-50,2.463569114,2.503471834,0.1184467752,Fark %10-25 · ekstrapolasyon
S1-R57,"1 1/4"" HELIAX®",70-100 MHz,70,100,0.2,CS-LDF6-50,0.2004781858,0.2417064,-0.002385226094,Uyumlu (±%10)
S1-R57,"1 1/4"" HELIAX®",148-174 MHz,148,174,0.3,CS-LDF6-50,0.2974955469,0.323088,0,Uyumlu (±%10)
S1-R57,"1 1/4"" HELIAX®",400-520 MHz,400,520,0.6,CS-LDF6-50,0.509016,0.5903649507,0.0163204968,Uyumlu (±%10)
S1-R57,"1 1/4"" HELIAX®",700-960 MHz,700,960,0.9,CS-LDF6-50,0.697992,0.835152,0.0776481407,Uyumlu (±%10)
S1-R57,"1 1/4"" HELIAX®",2.4 GHz,2400,2500,1.6,CS-LDF6-50,1.436355154,1.473089697,0.08615246129,Uyumlu (±%10)
S1-R58,"1 5/8"" LDF",148-174 MHz,148,174,0.28,CS-LDF7-50A,0.2523756355,0.2755392,0.01618934801,Uyumlu (±%10)
S1-R58,"1 5/8"" LDF",220 MHz,220,220,0.35,CS-LDF7-50A,0.3135052506,0.3135052506,0.1164087342,Fark %10-25
S1-R58,"1 5/8"" LDF",400-520 MHz,400,520,0.52,CS-LDF7-50A,0.4367784,0.5071034843,0.02543172374,Uyumlu (±%10)
S1-R58,"1 5/8"" LDF",700-960 MHz,700,960,0.77,CS-LDF7-50A,0.6016752,0.7242048,0.06323515116,Uyumlu (±%10)
S1-R58,"1 5/8"" LDF",1.2 GHz,1200,1300,0.96,CS-LDF7-50A,0.8272319106,0.8680439849,0.1059347414,Fark %10-25
S1-R58,"1 5/8"" LDF",2.4 GHz,2400,2500,1.4,CS-LDF7-50A,1.267462038,1.3005816,0.07644149356,Uyumlu (±%10)
S1-R58,"1 5/8"" LDF",5.8 GHz,5725,5875,2.5,CS-LDF7-50A,2.195403434,2.231577514,0.1202837383,Fark %10-25 · ekstrapolasyon
S1-R59,"1 5/8"" HELIAX®",70-100 MHz,70,100,0.2,CS-LDF7-50A,0.1693296359,0.2045208,0,Uyumlu (±%10)
S1-R59,"1 5/8"" HELIAX®",148-174 MHz,148,174,0.3,CS-LDF7-50A,0.2523756355,0.2755392,0.08877430144,Uyumlu (±%10)
S1-R59,"1 5/8"" HELIAX®",400-520 MHz,400,520,0.5,CS-LDF7-50A,0.4367784,0.5071034843,0,Uyumlu (±%10)
S1-R59,"1 5/8"" HELIAX®",700-960 MHz,700,960,0.7,CS-LDF7-50A,0.6016752,0.7242048,0,Uyumlu (±%10)
S1-R59,"1 5/8"" HELIAX®",2.4 GHz,2400,2500,1.4,CS-LDF7-50A,1.267462038,1.3005816,0.07644149356,Uyumlu (±%10)
S2-R02,RG179,70-100 MHz,70,100,9.2,BEL-83264,9.197734574,10,0,Uyumlu (±%10)
S2-R02,RG179,148-174 MHz,148,174,11.5,BEL-83264,11.34519669,11.95197184,0,Uyumlu (±%10)
S2-R02,RG179,400-520 MHz,400,520,17,BEL-83264,16,17.63912129,0,Uyumlu (±%10)
S2-R02,RG179,700-960 MHz,700,960,22.3,BEL-83264,19.7,23.326474,0,Uyumlu (±%10)
S2-R03,RG59B/U,1-10 MHz,1,10,0.9,BEL-8263,0.6,1.1,0,Uyumlu (±%10)
S2-R03,RG59B/U,30-50 MHz,30,50,2.3,BEL-8263,1.873580384,2.4,0,Uyumlu (±%10)
S2-R03,RG59B/U,70-100 MHz,70,100,3.25,BEL-8263,2.842108342,3.4,0,Uyumlu (±%10)
S2-R03,RG59B/U,148-174 MHz,148,174,4.5,BEL-8263,4.180698958,4.553106273,0,Uyumlu (±%10)
S2-R03,RG59B/U,220 MHz,220,220,5,BEL-8263,5.146306468,5.146306468,-0.02842941227,Uyumlu (±%10)
S2-R03,RG59B/U,400-520 MHz,400,520,9,BEL-8263,7,8.15678125,0.1033764085,Fark %10-25
S2-R03,RG59B/U,700-960 MHz,700,960,11.1,BEL-8263,9.7,11.64294485,0,Uyumlu (±%10)
S2-R03,RG59B/U,1.2 GHz,1200,1300,12.2,BEL-8263,13.73319005,14.57114432,-0.1116412167,Fark %10-25 · ekstrapolasyon
S2-R04,RG6 *75,1-10 MHz,1,10,1.45,BEL-1694A,0.24,0.71,1.042253521,Fark >%25
S2-R04,RG6 *75,30-50 MHz,30,50,1.4,BEL-1694A,1.167373666,1.451681525,0,Uyumlu (±%10)
S2-R04,RG6 *75,70-100 MHz,70,100,1.9,BEL-1694A,1.675156963,1.95,0,Uyumlu (±%10)
S2-R04,RG6 *75,148-174 MHz,148,174,2.5,BEL-1694A,2.338446164,2.528315243,0,Uyumlu (±%10)
S2-R04,RG6 *75,220 MHz,220,220,2.9,BEL-1694A,2.851233604,2.851233604,0.01710361278,Uyumlu (±%10)
S2-R04,RG6 *75,400-520 MHz,400,520,4.8,BEL-1694A,3.885276428,4.41764064,0.08655284376,Uyumlu (±%10)
S2-R04,RG6 *75,700-960 MHz,700,960,6,BEL-1694A,5.215753844,6.163690473,0,Uyumlu (±%10)
S2-R04,RG6 *75,1.2 GHz,1200,1300,6.4,BEL-1694A,6.935030312,7.233673539,-0.07714895071,Uyumlu (±%10)
S2-R05,RG11/U,1-10 MHz,1,10,0.3,BEL-8261,0.2,0.7,0,Uyumlu (±%10)
S2-R05,RG11/U,30-50 MHz,30,50,1,BEL-8261,1.068103936,1.3,-0.06376152535,Uyumlu (±%10)
S2-R05,RG11/U,70-100 MHz,70,100,1.7,BEL-8261,1.602360491,2,0,Uyumlu (±%10)
S2-R05,RG11/U,148-174 MHz,148,174,2.5,BEL-8261,2.467739326,2.691392996,0,Uyumlu (±%10)
S2-R05,RG11/U,220 MHz,220,220,2.3,BEL-8261,3.051515761,3.051515761,-0.2462762181,Fark %10-25
S2-R05,RG11/U,400-520 MHz,400,520,4.8,BEL-8261,4.2,4.886176721,0,Uyumlu (±%10)
S2-R05,RG11/U,700-960 MHz,700,960,5.2,BEL-8261,5.8,6.982225464,-0.1034482759,Fark %10-25
S2-R05,RG11/U,1.2 GHz,1200,1300,6.8,BEL-8261,7.650739075,7.905828608,-0.1111969793,Fark %10-25 · ekstrapolasyon
