power_id,cable_id,freq_mhz,value,unit,ambient_temp_c,source_id,source_ref,power_w,note
P0001,BEL-83265,50,380,W,,S014,Attenuation / Power Rating tabloları,380,
P0002,BEL-83265,100,253,W,,S014,Attenuation / Power Rating tabloları,253,
P0003,BEL-83265,200,170,W,,S014,Attenuation / Power Rating tabloları,170,
P0004,BEL-83265,400,113,W,,S014,Attenuation / Power Rating tabloları,113,
P0005,BEL-83265,700,81,W,,S014,Attenuation / Power Rating tabloları,81,
P0006,BEL-83265,900,70,W,,S014,Attenuation / Power Rating tabloları,70,
P0007,BEL-83265,1000,66,W,,S014,Attenuation / Power Rating tabloları,66,
P0008,BEL-8216,1,976,W,,S006,Power Rating tablosu,976,
P0009,BEL-8216,10,354,W,,S006,Power Rating tablosu,354,
P0010,BEL-8216,50,197,W,,S006,Power Rating tablosu,197,
P0011,BEL-8216,100,161,W,,S006,Power Rating tablosu,161,
P0012,BEL-8216,200,136,W,,S006,Power Rating tablosu,136,
P0013,BEL-8216,400,120,W,,S006,Power Rating tablosu,120,
P0014,BEL-8216,700,112,W,,S006,Power Rating tablosu,112,
P0015,BEL-8216,900,109,W,,S006,Power Rating tablosu,109,
P0016,BEL-8216,1000,108,W,,S006,Power Rating tablosu,108,
P0017,TMS-LMR100A,30,0.23,kW,40,S001,Power Handling tablosu (+40°C),230,
P0018,TMS-LMR100A,50,0.18,kW,40,S001,Power Handling tablosu (+40°C),180,
P0019,TMS-LMR100A,150,0.1,kW,40,S001,Power Handling tablosu (+40°C),100,
P0020,TMS-LMR100A,220,0.08,kW,40,S001,Power Handling tablosu (+40°C),80,
P0021,TMS-LMR100A,450,0.06,kW,40,S001,Power Handling tablosu (+40°C),60,
P0022,TMS-LMR100A,700,0.05,kW,40,S001,Power Handling tablosu (+40°C),50,
P0023,TMS-LMR100A,900,0.04,kW,40,S001,Power Handling tablosu (+40°C),40,
P0024,TMS-LMR100A,1500,0.03,kW,40,S001,Power Handling tablosu (+40°C),30,
P0025,TMS-LMR100A,2000,0.025,kW,40,S001,Power Handling tablosu (+40°C),25,
P0026,TMS-LMR100A,2500,0.02,kW,40,S001,Power Handling tablosu (+40°C),20,
P0027,BEL-9273,50,350,W,,S017,Attenuation / Power Rating tabloları,350,
P0028,BEL-9273,400,86,W,,S017,Attenuation / Power Rating tabloları,86,
P0029,BEL-9273,1000,50,W,,S017,Attenuation / Power Rating tabloları,50,
P0030,TMS-LMR195,30,0.89,kW,40,S001,Power Handling tablosu (+40°C),890,
P0031,TMS-LMR195,50,0.68,kW,40,S001,Power Handling tablosu (+40°C),680,
P0032,TMS-LMR195,150,0.39,kW,40,S001,Power Handling tablosu (+40°C),390,
P0033,TMS-LMR195,220,0.32,kW,40,S001,Power Handling tablosu (+40°C),320,
P0034,TMS-LMR195,450,0.22,kW,40,S001,Power Handling tablosu (+40°C),220,
P0035,TMS-LMR195,700,0.18,kW,40,S001,Power Handling tablosu (+40°C),180,
P0036,TMS-LMR195,900,0.15,kW,40,S001,Power Handling tablosu (+40°C),150,
P0037,TMS-LMR195,1500,0.12,kW,40,S001,Power Handling tablosu (+40°C),120,
P0038,TMS-LMR195,2000,0.1,kW,40,S001,Power Handling tablosu (+40°C),100,
P0039,TMS-LMR195,2500,0.09,kW,40,S001,Power Handling tablosu (+40°C),90,
P0040,BEL-9258,10,1000,W,,S007,Power Rating tablosu,1000,
P0041,BEL-9258,50,370,W,,S007,Power Rating tablosu,370,
P0042,BEL-9258,100,250,W,,S007,Power Rating tablosu,250,
P0043,BEL-9258,200,190,W,,S007,Power Rating tablosu,190,
P0044,BEL-9258,400,110,W,,S007,Power Rating tablosu,110,
P0045,BEL-9258,700,75,W,,S007,Power Rating tablosu,75,
P0046,BEL-9258,1000,60,W,,S007,Power Rating tablosu,60,
P0047,TMS-LMR200,30,1.02,kW,40,S001,Power Handling tablosu (+40°C),1020,
P0048,TMS-LMR200,50,0.79,kW,40,S001,Power Handling tablosu (+40°C),790,
P0049,TMS-LMR200,150,0.45,kW,40,S001,Power Handling tablosu (+40°C),450,
P0050,TMS-LMR200,220,0.37,kW,40,S001,Power Handling tablosu (+40°C),370,
P0051,TMS-LMR200,450,0.26,kW,40,S001,Power Handling tablosu (+40°C),260,
P0052,TMS-LMR200,700,0.21,kW,40,S001,Power Handling tablosu (+40°C),210,
P0053,TMS-LMR200,900,0.18,kW,40,S001,Power Handling tablosu (+40°C),180,
P0054,TMS-LMR200,1500,0.14,kW,40,S001,Power Handling tablosu (+40°C),140,
P0055,TMS-LMR200,2000,0.12,kW,40,S001,Power Handling tablosu (+40°C),120,
P0056,TMS-LMR200,2500,0.1,kW,40,S001,Power Handling tablosu (+40°C),100,
P0057,SSB-AIRCELL5,10,1730,W,40,S051,"Max. power handling (W @ 40°C, VSWR 1.0)",1730,
P0058,SSB-AIRCELL5,100,540,W,40,S051,"Max. power handling (W @ 40°C, VSWR 1.0)",540,
P0059,SSB-AIRCELL5,500,230,W,40,S051,"Max. power handling (W @ 40°C, VSWR 1.0)",230,
P0060,SSB-AIRCELL5,1000,160,W,40,S051,"Max. power handling (W @ 40°C, VSWR 1.0)",160,
P0061,SSB-AIRCELL5,2000,110,W,40,S051,"Max. power handling (W @ 40°C, VSWR 1.0)",110,
P0062,SSB-AIRCELL5,3000,90,W,40,S051,"Max. power handling (W @ 40°C, VSWR 1.0)",90,
P0063,SSB-AIRCELL5,4000,80,W,40,S051,"Max. power handling (W @ 40°C, VSWR 1.0)",80,
P0064,SSB-AIRCELL5,5000,70,W,40,S051,"Max. power handling (W @ 40°C, VSWR 1.0)",70,
P0065,SSB-AIRCELL5,6000,60,W,40,S051,"Max. power handling (W @ 40°C, VSWR 1.0)",60,
P0066,SSB-AIRCELL5,10000,50,W,40,S051,"Max. power handling (W @ 40°C, VSWR 1.0)",50,
P0067,MP-AIRBORNE5,1.8,1172,W,40,S010,POWER HANDLING (40°C),1172,
P0068,MP-AIRBORNE5,3.5,837,W,40,S010,POWER HANDLING (40°C),837,
P0069,MP-AIRBORNE5,7,625,W,40,S010,POWER HANDLING (40°C),625,
P0070,MP-AIRBORNE5,10,543,W,40,S010,POWER HANDLING (40°C),543,
P0071,MP-AIRBORNE5,14,471,W,40,S010,POWER HANDLING (40°C),471,
P0072,MP-AIRBORNE5,21,394,W,40,S010,POWER HANDLING (40°C),394,
P0073,MP-AIRBORNE5,28,346,W,40,S010,POWER HANDLING (40°C),346,
P0074,MP-AIRBORNE5,50,268,W,40,S010,POWER HANDLING (40°C),268,
P0075,MP-AIRBORNE5,100,198,W,40,S010,POWER HANDLING (40°C),198,
P0076,MP-AIRBORNE5,144,170,W,40,S010,POWER HANDLING (40°C),170,
P0077,MP-AIRBORNE5,200,146,W,40,S010,POWER HANDLING (40°C),146,
P0078,MP-AIRBORNE5,400,102,W,40,S010,POWER HANDLING (40°C),102,
P0079,MP-AIRBORNE5,430,99,W,40,S010,POWER HANDLING (40°C),99,
P0080,MP-AIRBORNE5,800,71,W,40,S010,POWER HANDLING (40°C),71,
P0081,MP-AIRBORNE5,1000,63,W,40,S010,POWER HANDLING (40°C),63,
P0082,MP-AIRBORNE5,1296,55,W,40,S010,POWER HANDLING (40°C),55,
P0083,MP-AIRBORNE5,2400,39,W,40,S010,POWER HANDLING (40°C),39,
P0084,MP-AIRBORNE5,3000,35,W,40,S010,POWER HANDLING (40°C),35,
P0085,MP-AIRBORNE5,4000,31,W,40,S010,POWER HANDLING (40°C),31,
P0086,MP-AIRBORNE5,5000,27,W,40,S010,POWER HANDLING (40°C),27,
P0087,MP-AIRBORNE5,6000,25,W,40,S010,POWER HANDLING (40°C),25,
P0088,MP-HYPERFLEX5,1.8,1274,W,40,S023,ATTENUATION (20°C) / POWER HANDLING (40°C),1274,
P0089,MP-HYPERFLEX5,3.5,987,W,40,S023,ATTENUATION (20°C) / POWER HANDLING (40°C),987,
P0090,MP-HYPERFLEX5,7,809,W,40,S023,ATTENUATION (20°C) / POWER HANDLING (40°C),809,
P0091,MP-HYPERFLEX5,10,717,W,40,S023,ATTENUATION (20°C) / POWER HANDLING (40°C),717,
P0092,MP-HYPERFLEX5,14,620,W,40,S023,ATTENUATION (20°C) / POWER HANDLING (40°C),620,
P0093,MP-HYPERFLEX5,21,518,W,40,S023,ATTENUATION (20°C) / POWER HANDLING (40°C),518,
P0094,MP-HYPERFLEX5,28,453,W,40,S023,ATTENUATION (20°C) / POWER HANDLING (40°C),453,
P0095,MP-HYPERFLEX5,50,338,W,40,S023,ATTENUATION (20°C) / POWER HANDLING (40°C),338,
P0096,MP-HYPERFLEX5,100,235,W,40,S023,ATTENUATION (20°C) / POWER HANDLING (40°C),235,
P0097,MP-HYPERFLEX5,144,195,W,40,S023,ATTENUATION (20°C) / POWER HANDLING (40°C),195,
P0098,MP-HYPERFLEX5,200,165,W,40,S023,ATTENUATION (20°C) / POWER HANDLING (40°C),165,
P0099,MP-HYPERFLEX5,400,115,W,40,S023,ATTENUATION (20°C) / POWER HANDLING (40°C),115,
P0100,MP-HYPERFLEX5,430,111,W,40,S023,ATTENUATION (20°C) / POWER HANDLING (40°C),111,
P0101,MP-HYPERFLEX5,800,80,W,40,S023,ATTENUATION (20°C) / POWER HANDLING (40°C),80,
P0102,MP-HYPERFLEX5,1000,71,W,40,S023,ATTENUATION (20°C) / POWER HANDLING (40°C),71,
P0103,MP-HYPERFLEX5,1296,62,W,40,S023,ATTENUATION (20°C) / POWER HANDLING (40°C),62,
P0104,MP-HYPERFLEX5,2400,44,W,40,S023,ATTENUATION (20°C) / POWER HANDLING (40°C),44,
P0105,MP-HYPERFLEX5,3000,39,W,40,S023,ATTENUATION (20°C) / POWER HANDLING (40°C),39,
P0106,MP-HYPERFLEX5,4000,33,W,40,S023,ATTENUATION (20°C) / POWER HANDLING (40°C),33,
P0107,MP-HYPERFLEX5,5000,29,W,40,S023,ATTENUATION (20°C) / POWER HANDLING (40°C),29,
P0108,MP-HYPERFLEX5,6000,26,W,40,S023,ATTENUATION (20°C) / POWER HANDLING (40°C),26,
P0109,TMS-LMR240,50,1150,W,,S003,"Input Power (CW), Max",1150,
P0110,TMS-LMR240,150,660,W,,S003,"Input Power (CW), Max",660,
P0111,TMS-LMR240,220,540,W,,S003,"Input Power (CW), Max",540,
P0112,TMS-LMR240,450,380,W,,S003,"Input Power (CW), Max",380,
P0113,TMS-LMR240,900,260,W,,S003,"Input Power (CW), Max",260,
P0114,TMS-LMR240,1500,200,W,,S003,"Input Power (CW), Max",200,
P0115,TMS-LMR240,1800,180,W,,S003,"Input Power (CW), Max",180,
P0116,TMS-LMR240,2000,170,W,,S003,"Input Power (CW), Max",170,
P0117,TMS-LMR240,2500,150,W,,S003,"Input Power (CW), Max",150,
P0118,TMS-LMR240,5800,100,W,,S003,"Input Power (CW), Max",100,
P0119,BEL-8267,1,9295,W,,S005,Power Rating tablosu,9295,
P0120,BEL-8267,10,2761,W,,S005,Power Rating tablosu,2761,
P0121,BEL-8267,50,1122,W,,S005,Power Rating tablosu,1122,
P0122,BEL-8267,100,748,W,,S005,Power Rating tablosu,748,
P0123,BEL-8267,200,494,W,,S005,Power Rating tablosu,494,
P0124,BEL-8267,400,326,W,,S005,Power Rating tablosu,326,
P0125,BEL-8267,700,235,W,,S005,Power Rating tablosu,235,
P0126,BEL-8267,900,205,W,,S005,Power Rating tablosu,205,
P0127,BEL-8267,1000,194,W,,S005,Power Rating tablosu,194,
P0128,BEL-8267,4000,110,W,,S005,Power Rating tablosu,110,
P0129,BEL-8268,50,1500,W,,S022,Attenuation / Power Rating tabloları,1500,
P0130,BEL-8268,100,907,W,,S022,Attenuation / Power Rating tabloları,907,
P0131,BEL-8268,200,549,W,,S022,Attenuation / Power Rating tabloları,549,
P0132,BEL-8268,400,332,W,,S022,Attenuation / Power Rating tabloları,332,
P0133,BEL-8268,700,221,W,,S022,Attenuation / Power Rating tabloları,221,
P0134,BEL-8268,900,184,W,,S022,Attenuation / Power Rating tabloları,184,
P0135,BEL-8268,1000,171,W,,S022,Attenuation / Power Rating tabloları,171,
P0136,BEL-8268,4000,62,W,,S022,Attenuation / Power Rating tabloları,62,
P0137,SSB-AIRCELL7,10,2040,W,40,S049,Max. power handling (W @ 40°C),2040,
P0138,SSB-AIRCELL7,100,620,W,40,S049,Max. power handling (W @ 40°C),620,
P0139,SSB-AIRCELL7,500,260,W,40,S049,Max. power handling (W @ 40°C),260,
P0140,SSB-AIRCELL7,1000,180,W,40,S049,Max. power handling (W @ 40°C),180,
P0141,SSB-AIRCELL7,2000,120,W,40,S049,Max. power handling (W @ 40°C),120,
P0142,SSB-AIRCELL7,3000,90,W,40,S049,Max. power handling (W @ 40°C),90,
P0143,TMS-LMR300,30,2.1,kW,40,S001,Power Handling tablosu (+40°C),2100,
P0144,TMS-LMR300,50,1.6,kW,40,S001,Power Handling tablosu (+40°C),1600,
P0145,TMS-LMR300,150,0.93,kW,40,S001,Power Handling tablosu (+40°C),930,
P0146,TMS-LMR300,220,0.76,kW,40,S001,Power Handling tablosu (+40°C),760,
P0147,TMS-LMR300,450,0.52,kW,40,S001,Power Handling tablosu (+40°C),520,
P0148,TMS-LMR300,700,0.43,kW,40,S001,Power Handling tablosu (+40°C),430,
P0149,TMS-LMR300,900,0.36,kW,40,S001,Power Handling tablosu (+40°C),360,
P0150,TMS-LMR300,1500,0.28,kW,40,S001,Power Handling tablosu (+40°C),280,
P0151,TMS-LMR300,2000,0.24,kW,40,S001,Power Handling tablosu (+40°C),240,
P0152,TMS-LMR300,2500,0.21,kW,40,S001,Power Handling tablosu (+40°C),210,
P0153,CS-FSJ1-50A,0.5,6.4,kW,40,S031,Attenuation / Average Power tablosu,6400,
P0154,CS-FSJ1-50A,1,6.4,kW,40,S031,Attenuation / Average Power tablosu,6400,
P0155,CS-FSJ1-50A,1.5,6.4,kW,40,S031,Attenuation / Average Power tablosu,6400,
P0156,CS-FSJ1-50A,2,6.4,kW,40,S031,Attenuation / Average Power tablosu,6400,
P0157,CS-FSJ1-50A,10,3.99,kW,40,S031,Attenuation / Average Power tablosu,3990,
P0158,CS-FSJ1-50A,20,2.81,kW,40,S031,Attenuation / Average Power tablosu,2810,
P0159,CS-FSJ1-50A,30,2.29,kW,40,S031,Attenuation / Average Power tablosu,2290,
P0160,CS-FSJ1-50A,50,1.77,kW,40,S031,Attenuation / Average Power tablosu,1770,
P0161,CS-FSJ1-50A,88,1.33,kW,40,S031,Attenuation / Average Power tablosu,1330,
P0162,CS-FSJ1-50A,100,1.24,kW,40,S031,Attenuation / Average Power tablosu,1240,
P0163,CS-FSJ1-50A,108,1.19,kW,40,S031,Attenuation / Average Power tablosu,1190,
P0164,CS-FSJ1-50A,150,1.01,kW,40,S031,Attenuation / Average Power tablosu,1010,
P0165,CS-FSJ1-50A,174,0.93,kW,40,S031,Attenuation / Average Power tablosu,930,
P0166,CS-FSJ1-50A,200,0.87,kW,40,S031,Attenuation / Average Power tablosu,870,
P0167,CS-FSJ1-50A,300,0.71,kW,40,S031,Attenuation / Average Power tablosu,710,
P0168,CS-FSJ1-50A,400,0.61,kW,40,S031,Attenuation / Average Power tablosu,610,
P0169,CS-FSJ1-50A,450,0.57,kW,40,S031,Attenuation / Average Power tablosu,570,
P0170,CS-FSJ1-50A,500,0.54,kW,40,S031,Attenuation / Average Power tablosu,540,
P0171,CS-FSJ1-50A,512,0.53,kW,40,S031,Attenuation / Average Power tablosu,530,
P0172,CS-FSJ1-50A,600,0.49,kW,40,S031,Attenuation / Average Power tablosu,490,
P0173,CS-FSJ1-50A,700,0.45,kW,40,S031,Attenuation / Average Power tablosu,450,
P0174,CS-FSJ1-50A,800,0.42,kW,40,S031,Attenuation / Average Power tablosu,420,
P0175,CS-FSJ1-50A,824,0.41,kW,40,S031,Attenuation / Average Power tablosu,410,
P0176,CS-FSJ1-50A,894,0.4,kW,40,S031,Attenuation / Average Power tablosu,400,
P0177,CS-FSJ1-50A,960,0.38,kW,40,S031,Attenuation / Average Power tablosu,380,
P0178,CS-FSJ1-50A,1000,0.37,kW,40,S031,Attenuation / Average Power tablosu,370,
P0179,CS-FSJ1-50A,1250,0.33,kW,40,S031,Attenuation / Average Power tablosu,330,
P0180,CS-FSJ1-50A,1500,0.3,kW,40,S031,Attenuation / Average Power tablosu,300,
P0181,CS-FSJ1-50A,1700,0.28,kW,40,S031,Attenuation / Average Power tablosu,280,
P0182,CS-FSJ1-50A,1800,0.27,kW,40,S031,Attenuation / Average Power tablosu,270,
P0183,CS-FSJ1-50A,2000,0.26,kW,40,S031,Attenuation / Average Power tablosu,260,
P0184,CS-FSJ1-50A,2100,0.25,kW,40,S031,Attenuation / Average Power tablosu,250,
P0185,CS-FSJ1-50A,2200,0.24,kW,40,S031,Attenuation / Average Power tablosu,240,
P0186,CS-FSJ1-50A,2300,0.24,kW,40,S031,Attenuation / Average Power tablosu,240,
P0187,CS-FSJ1-50A,2500,0.23,kW,40,S031,Attenuation / Average Power tablosu,230,
P0188,CS-FSJ1-50A,2700,0.22,kW,40,S031,Attenuation / Average Power tablosu,220,
P0189,CS-FSJ1-50A,3000,0.21,kW,40,S031,Attenuation / Average Power tablosu,210,
P0190,CS-FSJ1-50A,3400,0.19,kW,40,S031,Attenuation / Average Power tablosu,190,
P0191,CS-FSJ1-50A,4000,0.17,kW,40,S031,Attenuation / Average Power tablosu,170,
P0192,CS-FSJ1-50A,5000,0.15,kW,40,S031,Attenuation / Average Power tablosu,150,
P0193,CS-FSJ1-50A,6000,0.14,kW,40,S031,Attenuation / Average Power tablosu,140,
P0194,CS-FSJ1-50A,8000,0.12,kW,40,S031,Attenuation / Average Power tablosu,120,
P0195,CS-FSJ1-50A,10000,0.1,kW,40,S031,Attenuation / Average Power tablosu,100,
P0196,CS-FSJ1-50A,12000,0.09,kW,40,S031,Attenuation / Average Power tablosu,90,
P0197,CS-FSJ1-50A,14000,0.08,kW,40,S031,Attenuation / Average Power tablosu,80,
P0198,CS-FSJ1-50A,16000,0.08,kW,40,S031,Attenuation / Average Power tablosu,80,
P0199,CS-FSJ1-50A,18000,0.07,kW,40,S031,Attenuation / Average Power tablosu,70,
P0200,RFS-SCF14-50J,1,11.65,kW,40,S029,Attenuation @20°C / Power @40°C,11650,
P0201,RFS-SCF14-50J,100,1.14,kW,40,S029,Attenuation @20°C / Power @40°C,1140,
P0202,RFS-SCF14-50J,200,0.79,kW,40,S029,Attenuation @20°C / Power @40°C,790,
P0203,RFS-SCF14-50J,450,0.52,kW,40,S029,Attenuation @20°C / Power @40°C,520,
P0204,RFS-SCF14-50J,700,0.41,kW,40,S029,Attenuation @20°C / Power @40°C,410,
P0205,RFS-SCF14-50J,800,0.38,kW,40,S029,Attenuation @20°C / Power @40°C,380,
P0206,RFS-SCF14-50J,900,0.36,kW,40,S029,Attenuation @20°C / Power @40°C,360,
P0207,RFS-SCF14-50J,1800,0.25,kW,40,S029,Attenuation @20°C / Power @40°C,250,
P0208,RFS-SCF14-50J,2000,0.23,kW,40,S029,Attenuation @20°C / Power @40°C,230,
P0209,RFS-SCF14-50J,2200,0.22,kW,40,S029,Attenuation @20°C / Power @40°C,220,
P0210,RFS-SCF14-50J,2400,0.21,kW,40,S029,Attenuation @20°C / Power @40°C,210,
P0211,RFS-SCF14-50J,2700,0.2,kW,40,S029,Attenuation @20°C / Power @40°C,200,
P0212,RFS-SCF14-50J,3000,0.18,kW,40,S029,Attenuation @20°C / Power @40°C,180,
P0213,RFS-SCF14-50J,3500,0.17,kW,40,S029,Attenuation @20°C / Power @40°C,170,
P0214,RFS-SCF14-50J,4000,0.16,kW,40,S029,Attenuation @20°C / Power @40°C,160,
P0215,RFS-SCF14-50J,5000,0.14,kW,40,S029,Attenuation @20°C / Power @40°C,140,
P0216,RFS-SCF14-50J,20400,0.06,kW,40,S029,Attenuation @20°C / Power @40°C,60,
P0217,MP-ULTRAFLEX7,1.8,4572,W,40,S024,ATTENUATION (20°C) / POWER HANDLING (40°C),4572,
P0218,MP-ULTRAFLEX7,3.5,3393,W,40,S024,ATTENUATION (20°C) / POWER HANDLING (40°C),3393,
P0219,MP-ULTRAFLEX7,7,2714,W,40,S024,ATTENUATION (20°C) / POWER HANDLING (40°C),2714,
P0220,MP-ULTRAFLEX7,10,2286,W,40,S024,ATTENUATION (20°C) / POWER HANDLING (40°C),2286,
P0221,MP-ULTRAFLEX7,14,1974,W,40,S024,ATTENUATION (20°C) / POWER HANDLING (40°C),1974,
P0222,MP-ULTRAFLEX7,21,1670,W,40,S024,ATTENUATION (20°C) / POWER HANDLING (40°C),1670,
P0223,MP-ULTRAFLEX7,28,1448,W,40,S024,ATTENUATION (20°C) / POWER HANDLING (40°C),1448,
P0224,MP-ULTRAFLEX7,50,1086,W,40,S024,ATTENUATION (20°C) / POWER HANDLING (40°C),1086,
P0225,MP-ULTRAFLEX7,100,749,W,40,S024,ATTENUATION (20°C) / POWER HANDLING (40°C),749,
P0226,MP-ULTRAFLEX7,144,629,W,40,S024,ATTENUATION (20°C) / POWER HANDLING (40°C),629,
P0227,MP-ULTRAFLEX7,200,530,W,40,S024,ATTENUATION (20°C) / POWER HANDLING (40°C),530,
P0228,MP-ULTRAFLEX7,400,368,W,40,S024,ATTENUATION (20°C) / POWER HANDLING (40°C),368,
P0229,MP-ULTRAFLEX7,430,353,W,40,S024,ATTENUATION (20°C) / POWER HANDLING (40°C),353,
P0230,MP-ULTRAFLEX7,800,254,W,40,S024,ATTENUATION (20°C) / POWER HANDLING (40°C),254,
P0231,MP-ULTRAFLEX7,1000,225,W,40,S024,ATTENUATION (20°C) / POWER HANDLING (40°C),225,
P0232,MP-ULTRAFLEX7,1296,195,W,40,S024,ATTENUATION (20°C) / POWER HANDLING (40°C),195,
P0233,MP-ULTRAFLEX7,2400,134,W,40,S024,ATTENUATION (20°C) / POWER HANDLING (40°C),134,
P0234,MP-ULTRAFLEX7,3000,120,W,40,S024,ATTENUATION (20°C) / POWER HANDLING (40°C),120,
P0235,MP-ULTRAFLEX7,4000,102,W,40,S024,ATTENUATION (20°C) / POWER HANDLING (40°C),102,
P0236,MP-ULTRAFLEX7,5000,88,W,40,S024,ATTENUATION (20°C) / POWER HANDLING (40°C),88,
P0237,MP-ULTRAFLEX7,6000,79,W,40,S024,ATTENUATION (20°C) / POWER HANDLING (40°C),79,
P0238,MP-ULTRAFLEX7,7000,71,W,40,S024,ATTENUATION (20°C) / POWER HANDLING (40°C),71,
P0239,MP-ULTRAFLEX7,8000,63,W,40,S024,ATTENUATION (20°C) / POWER HANDLING (40°C),63,
P0240,RFS-SCF38-50J,100,1.88,kW,40,S030,"Attenuation and Power Rating (75 MHz satırı hatalı, alınmadı)",1880,
P0241,RFS-SCF38-50J,150,1.52,kW,40,S030,"Attenuation and Power Rating (75 MHz satırı hatalı, alınmadı)",1520,
P0242,RFS-SCF38-50J,200,1.31,kW,40,S030,"Attenuation and Power Rating (75 MHz satırı hatalı, alınmadı)",1310,
P0243,RFS-SCF38-50J,450,0.85,kW,40,S030,"Attenuation and Power Rating (75 MHz satırı hatalı, alınmadı)",850,
P0244,RFS-SCF38-50J,700,0.67,kW,40,S030,"Attenuation and Power Rating (75 MHz satırı hatalı, alınmadı)",670,
P0245,RFS-SCF38-50J,800,0.62,kW,40,S030,"Attenuation and Power Rating (75 MHz satırı hatalı, alınmadı)",620,
P0246,RFS-SCF38-50J,870,0.59,kW,40,S030,"Attenuation and Power Rating (75 MHz satırı hatalı, alınmadı)",590,
P0247,RFS-SCF38-50J,900,0.58,kW,40,S030,"Attenuation and Power Rating (75 MHz satırı hatalı, alınmadı)",580,
P0248,RFS-SCF38-50J,960,0.56,kW,40,S030,"Attenuation and Power Rating (75 MHz satırı hatalı, alınmadı)",560,
P0249,RFS-SCF38-50J,1800,0.39,kW,40,S030,"Attenuation and Power Rating (75 MHz satırı hatalı, alınmadı)",390,
P0250,RFS-SCF38-50J,2000,0.37,kW,40,S030,"Attenuation and Power Rating (75 MHz satırı hatalı, alınmadı)",370,
P0251,RFS-SCF38-50J,2200,0.35,kW,40,S030,"Attenuation and Power Rating (75 MHz satırı hatalı, alınmadı)",350,
P0252,RFS-SCF38-50J,2400,0.33,kW,40,S030,"Attenuation and Power Rating (75 MHz satırı hatalı, alınmadı)",330,
P0253,RFS-SCF38-50J,2600,0.32,kW,40,S030,"Attenuation and Power Rating (75 MHz satırı hatalı, alınmadı)",320,
P0254,RFS-SCF38-50J,2700,0.31,kW,40,S030,"Attenuation and Power Rating (75 MHz satırı hatalı, alınmadı)",310,
P0255,RFS-SCF38-50J,3000,0.29,kW,40,S030,"Attenuation and Power Rating (75 MHz satırı hatalı, alınmadı)",290,
P0256,RFS-SCF38-50J,3500,0.27,kW,40,S030,"Attenuation and Power Rating (75 MHz satırı hatalı, alınmadı)",270,
P0257,RFS-SCF38-50J,4000,0.25,kW,40,S030,"Attenuation and Power Rating (75 MHz satırı hatalı, alınmadı)",250,
P0258,RFS-SCF38-50J,5000,0.22,kW,40,S030,"Attenuation and Power Rating (75 MHz satırı hatalı, alınmadı)",220,
P0259,RFS-SCF38-50J,6000,0.19,kW,40,S030,"Attenuation and Power Rating (75 MHz satırı hatalı, alınmadı)",190,
P0260,BEL-9914,5,4021,W,,S038,Attenuation / Power Rating tabloları,4021,
P0261,BEL-9914,10,3217,W,,S038,Attenuation / Power Rating tabloları,3217,
P0262,BEL-9914,50,1609,W,,S038,Attenuation / Power Rating tabloları,1609,
P0263,BEL-9914,100,1149,W,,S038,Attenuation / Power Rating tabloları,1149,
P0264,BEL-9914,200,894,W,,S038,Attenuation / Power Rating tabloları,894,
P0265,BEL-9914,400,619,W,,S038,Attenuation / Power Rating tabloları,619,
P0266,BEL-9914,700,447,W,,S038,Attenuation / Power Rating tabloları,447,
P0267,BEL-9914,1000,366,W,,S038,Attenuation / Power Rating tabloları,366,
P0268,BEL-9914,1500,293,W,,S038,Attenuation / Power Rating tabloları,293,
P0269,BEL-9914,2000,248,W,,S038,Attenuation / Power Rating tabloları,248,
P0270,BEL-9914,2500,215,W,,S038,Attenuation / Power Rating tabloları,215,
P0271,BEL-9914,3000,194,W,,S038,Attenuation / Power Rating tabloları,194,
P0272,BEL-9914,4000,163,W,,S038,Attenuation / Power Rating tabloları,163,
P0273,SSB-ECOFLEX10,10,3960,W,40,S048,Max. Belastbarkeit (W @ 40°C),3960,
P0274,SSB-ECOFLEX10,100,1210,W,40,S048,Max. Belastbarkeit (W @ 40°C),1210,
P0275,SSB-ECOFLEX10,500,510,W,40,S048,Max. Belastbarkeit (W @ 40°C),510,
P0276,SSB-ECOFLEX10,1000,350,W,40,S048,Max. Belastbarkeit (W @ 40°C),350,
P0277,SSB-ECOFLEX10,2000,230,W,40,S048,Max. Belastbarkeit (W @ 40°C),230,
P0278,SSB-ECOFLEX10,3000,180,W,40,S048,Max. Belastbarkeit (W @ 40°C),180,
P0279,SSB-ECOFLEX10,4000,150,W,40,S048,Max. Belastbarkeit (W @ 40°C),150,
P0280,SSB-ECOFLEX10,5000,130,W,40,S048,Max. Belastbarkeit (W @ 40°C),130,
P0281,SSB-ECOFLEX10,6000,120,W,40,S048,Max. Belastbarkeit (W @ 40°C),120,
P0282,TMS-LMR400,50,2570,W,,S002,"Power In (CW), Max",2570,
P0283,TMS-LMR400,150,1470,W,,S002,"Power In (CW), Max",1470,
P0284,TMS-LMR400,220,1200,W,,S002,"Power In (CW), Max",1200,
P0285,TMS-LMR400,450,830,W,,S002,"Power In (CW), Max",830,
P0286,TMS-LMR400,900,580,W,,S002,"Power In (CW), Max",580,
P0287,TMS-LMR400,1500,440,W,,S002,"Power In (CW), Max",440,
P0288,TMS-LMR400,1800,400,W,,S002,"Power In (CW), Max",400,
P0289,TMS-LMR400,2000,370,W,,S002,"Power In (CW), Max",370,
P0290,TMS-LMR400,2500,330,W,,S002,"Power In (CW), Max",330,
P0291,TMS-LMR400,5800,210,W,,S002,"Power In (CW), Max",210,
P0292,MP-ULTRAFLEX10,1.8,9927,W,40,S025,ATTENUATION (20°C) / POWER HANDLING (40°C),9927,
P0293,MP-ULTRAFLEX10,3.5,7721,W,40,S025,ATTENUATION (20°C) / POWER HANDLING (40°C),7721,
P0294,MP-ULTRAFLEX10,7,7164,W,40,S025,ATTENUATION (20°C) / POWER HANDLING (40°C),7164,
P0295,MP-ULTRAFLEX10,10,5345,W,40,S025,ATTENUATION (20°C) / POWER HANDLING (40°C),5345,
P0296,MP-ULTRAFLEX10,14,4370,W,40,S025,ATTENUATION (20°C) / POWER HANDLING (40°C),4370,
P0297,MP-ULTRAFLEX10,21,3657,W,40,S025,ATTENUATION (20°C) / POWER HANDLING (40°C),3657,
P0298,MP-ULTRAFLEX10,28,3247,W,40,S025,ATTENUATION (20°C) / POWER HANDLING (40°C),3247,
P0299,MP-ULTRAFLEX10,50,2518,W,40,S025,ATTENUATION (20°C) / POWER HANDLING (40°C),2518,
P0300,MP-ULTRAFLEX10,100,1768,W,40,S025,ATTENUATION (20°C) / POWER HANDLING (40°C),1768,
P0301,MP-ULTRAFLEX10,144,1466,W,40,S025,ATTENUATION (20°C) / POWER HANDLING (40°C),1466,
P0302,MP-ULTRAFLEX10,200,1215,W,40,S025,ATTENUATION (20°C) / POWER HANDLING (40°C),1215,
P0303,MP-ULTRAFLEX10,400,836,W,40,S025,ATTENUATION (20°C) / POWER HANDLING (40°C),836,
P0304,MP-ULTRAFLEX10,430,803,W,40,S025,ATTENUATION (20°C) / POWER HANDLING (40°C),803,
P0305,MP-ULTRAFLEX10,800,571,W,40,S025,ATTENUATION (20°C) / POWER HANDLING (40°C),571,
P0306,MP-ULTRAFLEX10,1000,503,W,40,S025,ATTENUATION (20°C) / POWER HANDLING (40°C),503,
P0307,MP-ULTRAFLEX10,1296,445,W,40,S025,ATTENUATION (20°C) / POWER HANDLING (40°C),445,
P0308,MP-ULTRAFLEX10,2400,293,W,40,S025,ATTENUATION (20°C) / POWER HANDLING (40°C),293,
P0309,MP-ULTRAFLEX10,3000,255,W,40,S025,ATTENUATION (20°C) / POWER HANDLING (40°C),255,
P0310,MP-ULTRAFLEX10,4000,211,W,40,S025,ATTENUATION (20°C) / POWER HANDLING (40°C),211,
P0311,MP-ULTRAFLEX10,5000,182,W,40,S025,ATTENUATION (20°C) / POWER HANDLING (40°C),182,
P0312,MP-ULTRAFLEX10,6000,162,W,40,S025,ATTENUATION (20°C) / POWER HANDLING (40°C),162,
P0313,MP-ULTRAFLEX10,7000,138,W,40,S025,ATTENUATION (20°C) / POWER HANDLING (40°C),138,
P0314,MP-ULTRAFLEX10,8000,125,W,40,S025,ATTENUATION (20°C) / POWER HANDLING (40°C),125,
P0315,MP-HYPERFLEX10,1.8,9927,W,40,S009,POWER HANDLING (40°C),9927,
P0316,MP-HYPERFLEX10,3.5,7721,W,40,S009,POWER HANDLING (40°C),7721,
P0317,MP-HYPERFLEX10,7,5990,W,40,S009,POWER HANDLING (40°C),5990,
P0318,MP-HYPERFLEX10,10,5186,W,40,S009,POWER HANDLING (40°C),5186,
P0319,MP-HYPERFLEX10,14,4483,W,40,S009,POWER HANDLING (40°C),4483,
P0320,MP-HYPERFLEX10,21,3777,W,40,S009,POWER HANDLING (40°C),3777,
P0321,MP-HYPERFLEX10,28,3357,W,40,S009,POWER HANDLING (40°C),3357,
P0322,MP-HYPERFLEX10,50,2518,W,40,S009,POWER HANDLING (40°C),2518,
P0323,MP-HYPERFLEX10,100,1759,W,40,S009,POWER HANDLING (40°C),1759,
P0324,MP-HYPERFLEX10,144,1460,W,40,S009,POWER HANDLING (40°C),1460,
P0325,MP-HYPERFLEX10,200,1226,W,40,S009,POWER HANDLING (40°C),1226,
P0326,MP-HYPERFLEX10,400,837,W,40,S009,POWER HANDLING (40°C),837,
P0327,MP-HYPERFLEX10,430,808,W,40,S009,POWER HANDLING (40°C),808,
P0328,MP-HYPERFLEX10,800,581,W,40,S009,POWER HANDLING (40°C),581,
P0329,MP-HYPERFLEX10,1000,516,W,40,S009,POWER HANDLING (40°C),516,
P0330,MP-HYPERFLEX10,1296,449,W,40,S009,POWER HANDLING (40°C),449,
P0331,MP-HYPERFLEX10,2400,319,W,40,S009,POWER HANDLING (40°C),319,
P0332,MP-HYPERFLEX10,3000,282,W,40,S009,POWER HANDLING (40°C),282,
P0333,MP-HYPERFLEX10,4000,239,W,40,S009,POWER HANDLING (40°C),239,
P0334,MP-HYPERFLEX10,5000,210,W,40,S009,POWER HANDLING (40°C),210,
P0335,MP-HYPERFLEX10,6000,188,W,40,S009,POWER HANDLING (40°C),188,
P0336,MP-HYPERFLEX10,7000,171,W,40,S009,POWER HANDLING (40°C),171,
P0337,MP-HYPERFLEX10,8000,157,W,40,S009,POWER HANDLING (40°C),157,
P0338,MP-HYPERFLEX10,10000,137,W,40,S009,POWER HANDLING (40°C),137,
P0339,BEL-H2000FLEX,28,2.2,kW,40,S053,"Power rating (40 °C, IEC 96)",2200,
P0340,BEL-H2000FLEX,50,1.7,kW,40,S053,"Power rating (40 °C, IEC 96)",1700,
P0341,BEL-H2000FLEX,144,0.95,kW,40,S053,"Power rating (40 °C, IEC 96)",950,
P0342,BEL-H2000FLEX,432,0.53,kW,40,S053,"Power rating (40 °C, IEC 96)",530,
P0343,BEL-H2000FLEX,900,0.4,kW,40,S053,"Power rating (40 °C, IEC 96)",400,
P0344,BEL-H2000FLEX,1296,0.31,kW,40,S053,"Power rating (40 °C, IEC 96)",310,
P0345,BEL-H2000FLEX,2320,0.2,kW,40,S053,"Power rating (40 °C, IEC 96)",200,
P0346,CS-FSJ2-50,0.5,13.2,kW,40,S032,Attenuation and Average Power Ratings,13200,
P0347,CS-FSJ2-50,1,13.2,kW,40,S032,Attenuation and Average Power Ratings,13200,
P0348,CS-FSJ2-50,1.5,13.2,kW,40,S032,Attenuation and Average Power Ratings,13200,
P0349,CS-FSJ2-50,2,13.2,kW,40,S032,Attenuation and Average Power Ratings,13200,
P0350,CS-FSJ2-50,10,6.98,kW,40,S032,Attenuation and Average Power Ratings,6980,
P0351,CS-FSJ2-50,20,4.91,kW,40,S032,Attenuation and Average Power Ratings,4910,
P0352,CS-FSJ2-50,30,4,kW,40,S032,Attenuation and Average Power Ratings,4000,
P0353,CS-FSJ2-50,50,3.08,kW,40,S032,Attenuation and Average Power Ratings,3080,
P0354,CS-FSJ2-50,88,2.3,kW,40,S032,Attenuation and Average Power Ratings,2300,
P0355,CS-FSJ2-50,100,2.16,kW,40,S032,Attenuation and Average Power Ratings,2160,
P0356,CS-FSJ2-50,108,2.07,kW,40,S032,Attenuation and Average Power Ratings,2070,
P0357,CS-FSJ2-50,150,1.75,kW,40,S032,Attenuation and Average Power Ratings,1750,
P0358,CS-FSJ2-50,174,1.62,kW,40,S032,Attenuation and Average Power Ratings,1620,
P0359,CS-FSJ2-50,200,1.51,kW,40,S032,Attenuation and Average Power Ratings,1510,
P0360,CS-FSJ2-50,300,1.22,kW,40,S032,Attenuation and Average Power Ratings,1220,
P0361,CS-FSJ2-50,400,1.05,kW,40,S032,Attenuation and Average Power Ratings,1050,
P0362,CS-FSJ2-50,450,0.98,kW,40,S032,Attenuation and Average Power Ratings,980,
P0363,CS-FSJ2-50,500,0.93,kW,40,S032,Attenuation and Average Power Ratings,930,
P0364,CS-FSJ2-50,512,0.92,kW,40,S032,Attenuation and Average Power Ratings,920,
P0365,CS-FSJ2-50,600,0.84,kW,40,S032,Attenuation and Average Power Ratings,840,
P0366,CS-FSJ2-50,700,0.77,kW,40,S032,Attenuation and Average Power Ratings,770,
P0367,CS-FSJ2-50,800,0.72,kW,40,S032,Attenuation and Average Power Ratings,720,
P0368,CS-FSJ2-50,824,0.71,kW,40,S032,Attenuation and Average Power Ratings,710,
P0369,CS-FSJ2-50,860,0.69,kW,40,S032,Attenuation and Average Power Ratings,690,
P0370,CS-FSJ2-50,894,0.68,kW,40,S032,Attenuation and Average Power Ratings,680,
P0371,CS-FSJ2-50,960,0.65,kW,40,S032,Attenuation and Average Power Ratings,650,
P0372,CS-FSJ2-50,1000,0.64,kW,40,S032,Attenuation and Average Power Ratings,640,
P0373,CS-FSJ2-50,1250,0.56,kW,40,S032,Attenuation and Average Power Ratings,560,
P0374,CS-FSJ2-50,1500,0.51,kW,40,S032,Attenuation and Average Power Ratings,510,
P0375,CS-FSJ2-50,1640,0.49,kW,40,S032,Attenuation and Average Power Ratings,490,
P0376,CS-FSJ2-50,1700,0.48,kW,40,S032,Attenuation and Average Power Ratings,480,
P0377,CS-FSJ2-50,1800,0.46,kW,40,S032,Attenuation and Average Power Ratings,460,
P0378,CS-FSJ2-50,2000,0.43,kW,40,S032,Attenuation and Average Power Ratings,430,
P0379,CS-FSJ2-50,2100,0.42,kW,40,S032,Attenuation and Average Power Ratings,420,
P0380,CS-FSJ2-50,2200,0.41,kW,40,S032,Attenuation and Average Power Ratings,410,
P0381,CS-FSJ2-50,2300,0.4,kW,40,S032,Attenuation and Average Power Ratings,400,
P0382,CS-FSJ2-50,2500,0.38,kW,40,S032,Attenuation and Average Power Ratings,380,
P0383,CS-FSJ2-50,2700,0.37,kW,40,S032,Attenuation and Average Power Ratings,370,
P0384,CS-FSJ2-50,3000,0.34,kW,40,S032,Attenuation and Average Power Ratings,340,
P0385,CS-FSJ2-50,3300,0.33,kW,40,S032,Attenuation and Average Power Ratings,330,
P0386,CS-FSJ2-50,3400,0.32,kW,40,S032,Attenuation and Average Power Ratings,320,
P0387,CS-FSJ2-50,4000,0.29,kW,40,S032,Attenuation and Average Power Ratings,290,
P0388,CS-FSJ2-50,4900,0.26,kW,40,S032,Attenuation and Average Power Ratings,260,
P0389,CS-FSJ2-50,5000,0.26,kW,40,S032,Attenuation and Average Power Ratings,260,
P0390,CS-FSJ2-50,5200,0.25,kW,40,S032,Attenuation and Average Power Ratings,250,
P0391,CS-FSJ2-50,5300,0.25,kW,40,S032,Attenuation and Average Power Ratings,250,
P0392,CS-FSJ2-50,5600,0.24,kW,40,S032,Attenuation and Average Power Ratings,240,
P0393,CS-FSJ2-50,6000,0.23,kW,40,S032,Attenuation and Average Power Ratings,230,
P0394,CS-FSJ2-50,6100,0.23,kW,40,S032,Attenuation and Average Power Ratings,230,
P0395,CS-FSJ2-50,6600,0.22,kW,40,S032,Attenuation and Average Power Ratings,220,
P0396,CS-FSJ2-50,8000,0.19,kW,40,S032,Attenuation and Average Power Ratings,190,
P0397,CS-FSJ2-50,8800,0.18,kW,40,S032,Attenuation and Average Power Ratings,180,
P0398,CS-FSJ2-50,10000,0.17,kW,40,S032,Attenuation and Average Power Ratings,170,
P0399,CS-FSJ2-50,10900,0.16,kW,40,S032,Attenuation and Average Power Ratings,160,
P0400,CS-FSJ2-50,11500,0.15,kW,40,S032,Attenuation and Average Power Ratings,150,
P0401,CS-FSJ2-50,12000,0.15,kW,40,S032,Attenuation and Average Power Ratings,150,
P0402,CS-FSJ2-50,13400,0.14,kW,40,S032,Attenuation and Average Power Ratings,140,
P0403,MP-AIRBORNE10,1.8,10831,W,40,S026,ATTENUATION (20°C) / POWER HANDLING (40°C),10831,
P0404,MP-AIRBORNE10,3.5,8471,W,40,S026,ATTENUATION (20°C) / POWER HANDLING (40°C),8471,
P0405,MP-AIRBORNE10,7,6667,W,40,S026,ATTENUATION (20°C) / POWER HANDLING (40°C),6667,
P0406,MP-AIRBORNE10,10,6000,W,40,S026,ATTENUATION (20°C) / POWER HANDLING (40°C),6000,
P0407,MP-AIRBORNE10,14,5180,W,40,S026,ATTENUATION (20°C) / POWER HANDLING (40°C),5180,
P0408,MP-AIRBORNE10,21,4114,W,40,S026,ATTENUATION (20°C) / POWER HANDLING (40°C),4114,
P0409,MP-AIRBORNE10,28,3731,W,40,S026,ATTENUATION (20°C) / POWER HANDLING (40°C),3731,
P0410,MP-AIRBORNE10,50,2939,W,40,S026,ATTENUATION (20°C) / POWER HANDLING (40°C),2939,
P0411,MP-AIRBORNE10,100,2045,W,40,S026,ATTENUATION (20°C) / POWER HANDLING (40°C),2045,
P0412,MP-AIRBORNE10,144,1710,W,40,S026,ATTENUATION (20°C) / POWER HANDLING (40°C),1710,
P0413,MP-AIRBORNE10,200,1440,W,40,S026,ATTENUATION (20°C) / POWER HANDLING (40°C),1440,
P0414,MP-AIRBORNE10,400,992,W,40,S026,ATTENUATION (20°C) / POWER HANDLING (40°C),992,
P0415,MP-AIRBORNE10,430,944,W,40,S026,ATTENUATION (20°C) / POWER HANDLING (40°C),944,
P0416,MP-AIRBORNE10,800,692,W,40,S026,ATTENUATION (20°C) / POWER HANDLING (40°C),692,
P0417,MP-AIRBORNE10,1000,610,W,40,S026,ATTENUATION (20°C) / POWER HANDLING (40°C),610,
P0418,MP-AIRBORNE10,1296,529,W,40,S026,ATTENUATION (20°C) / POWER HANDLING (40°C),529,
P0419,MP-AIRBORNE10,2400,375,W,40,S026,ATTENUATION (20°C) / POWER HANDLING (40°C),375,
P0420,MP-AIRBORNE10,3000,333,W,40,S026,ATTENUATION (20°C) / POWER HANDLING (40°C),333,
P0421,MP-AIRBORNE10,4000,281,W,40,S026,ATTENUATION (20°C) / POWER HANDLING (40°C),281,
P0422,MP-AIRBORNE10,5000,247,W,40,S026,ATTENUATION (20°C) / POWER HANDLING (40°C),247,
P0423,MP-AIRBORNE10,6000,220,W,40,S026,ATTENUATION (20°C) / POWER HANDLING (40°C),220,
P0424,MP-AIRBORNE10,7000,202,W,40,S026,ATTENUATION (20°C) / POWER HANDLING (40°C),202,
P0425,MP-AIRBORNE10,8000,187,W,40,S026,ATTENUATION (20°C) / POWER HANDLING (40°C),187,
P0426,MP-AIRBORNE10,10000,161,W,40,S026,ATTENUATION (20°C) / POWER HANDLING (40°C),161,
P0427,CS-FSJ4-50B,0.5,15.6,kW,40,S033,Attenuation and Average Power Ratings,15600,
P0428,CS-FSJ4-50B,1,15.6,kW,40,S033,Attenuation and Average Power Ratings,15600,
P0429,CS-FSJ4-50B,1.5,15.6,kW,40,S033,Attenuation and Average Power Ratings,15600,
P0430,CS-FSJ4-50B,2,15.6,kW,40,S033,Attenuation and Average Power Ratings,15600,
P0431,CS-FSJ4-50B,10,10.1,kW,40,S033,Attenuation and Average Power Ratings,10100,
P0432,CS-FSJ4-50B,20,7.07,kW,40,S033,Attenuation and Average Power Ratings,7070,
P0433,CS-FSJ4-50B,30,5.75,kW,40,S033,Attenuation and Average Power Ratings,5750,
P0434,CS-FSJ4-50B,50,4.42,kW,40,S033,Attenuation and Average Power Ratings,4420,
P0435,CS-FSJ4-50B,88,3.3,kW,40,S033,Attenuation and Average Power Ratings,3300,
P0436,CS-FSJ4-50B,100,3.08,kW,40,S033,Attenuation and Average Power Ratings,3080,
P0437,CS-FSJ4-50B,108,2.96,kW,40,S033,Attenuation and Average Power Ratings,2960,
P0438,CS-FSJ4-50B,150,2.49,kW,40,S033,Attenuation and Average Power Ratings,2490,
P0439,CS-FSJ4-50B,174,2.3,kW,40,S033,Attenuation and Average Power Ratings,2300,
P0440,CS-FSJ4-50B,200,2.14,kW,40,S033,Attenuation and Average Power Ratings,2140,
P0441,CS-FSJ4-50B,300,1.72,kW,40,S033,Attenuation and Average Power Ratings,1720,
P0442,CS-FSJ4-50B,400,1.48,kW,40,S033,Attenuation and Average Power Ratings,1480,
P0443,CS-FSJ4-50B,450,1.38,kW,40,S033,Attenuation and Average Power Ratings,1380,
P0444,CS-FSJ4-50B,500,1.31,kW,40,S033,Attenuation and Average Power Ratings,1310,
P0445,CS-FSJ4-50B,512,1.29,kW,40,S033,Attenuation and Average Power Ratings,1290,
P0446,CS-FSJ4-50B,600,1.18,kW,40,S033,Attenuation and Average Power Ratings,1180,
P0447,CS-FSJ4-50B,700,1.09,kW,40,S033,Attenuation and Average Power Ratings,1090,
P0448,CS-FSJ4-50B,800,1.01,kW,40,S033,Attenuation and Average Power Ratings,1010,
P0449,CS-FSJ4-50B,824,0.991,kW,40,S033,Attenuation and Average Power Ratings,991,
P0450,CS-FSJ4-50B,894,0.947,kW,40,S033,Attenuation and Average Power Ratings,947,
P0451,CS-FSJ4-50B,960,0.909,kW,40,S033,Attenuation and Average Power Ratings,909,
P0452,CS-FSJ4-50B,1000,0.889,kW,40,S033,Attenuation and Average Power Ratings,889,
P0453,CS-FSJ4-50B,1250,0.783,kW,40,S033,Attenuation and Average Power Ratings,783,
P0454,CS-FSJ4-50B,1500,0.705,kW,40,S033,Attenuation and Average Power Ratings,705,
P0455,CS-FSJ4-50B,1700,0.656,kW,40,S033,Attenuation and Average Power Ratings,656,
P0456,CS-FSJ4-50B,1800,0.634,kW,40,S033,Attenuation and Average Power Ratings,634,
P0457,CS-FSJ4-50B,2000,0.597,kW,40,S033,Attenuation and Average Power Ratings,597,
P0458,CS-FSJ4-50B,2100,0.58,kW,40,S033,Attenuation and Average Power Ratings,580,
P0459,CS-FSJ4-50B,2200,0.564,kW,40,S033,Attenuation and Average Power Ratings,564,
P0460,CS-FSJ4-50B,2300,0.549,kW,40,S033,Attenuation and Average Power Ratings,549,
P0461,CS-FSJ4-50B,3000,0.469,kW,40,S033,Attenuation and Average Power Ratings,469,
P0462,CS-FSJ4-50B,3400,0.435,kW,40,S033,Attenuation and Average Power Ratings,435,
P0463,CS-FSJ4-50B,4000,0.394,kW,40,S033,Attenuation and Average Power Ratings,394,
P0464,CS-FSJ4-50B,5000,0.343,kW,40,S033,Attenuation and Average Power Ratings,343,
P0465,CS-FSJ4-50B,6000,0.306,kW,40,S033,Attenuation and Average Power Ratings,306,
P0466,CS-FSJ4-50B,8000,0.254,kW,40,S033,Attenuation and Average Power Ratings,254,
P0467,CS-FSJ4-50B,10000,0.22,kW,40,S033,Attenuation and Average Power Ratings,220,
P0468,CS-FSJ4-50B,10200,0.217,kW,40,S033,Attenuation and Average Power Ratings,217,
P0469,CS-LDF2-50,0.5,15.6,kW,40,S034,Attenuation / Average Power tablosu,15600,
P0470,CS-LDF2-50,1,15.6,kW,40,S034,Attenuation / Average Power tablosu,15600,
P0471,CS-LDF2-50,1.5,15.6,kW,40,S034,Attenuation / Average Power tablosu,15600,
P0472,CS-LDF2-50,2,15.6,kW,40,S034,Attenuation / Average Power tablosu,15600,
P0473,CS-LDF2-50,10,7.28,kW,40,S034,Attenuation / Average Power tablosu,7280,
P0474,CS-LDF2-50,20,5.13,kW,40,S034,Attenuation / Average Power tablosu,5130,
P0475,CS-LDF2-50,30,4.17,kW,40,S034,Attenuation / Average Power tablosu,4170,
P0476,CS-LDF2-50,50,3.22,kW,40,S034,Attenuation / Average Power tablosu,3220,
P0477,CS-LDF2-50,88,2.41,kW,40,S034,Attenuation / Average Power tablosu,2410,
P0478,CS-LDF2-50,100,2.25,kW,40,S034,Attenuation / Average Power tablosu,2250,
P0479,CS-LDF2-50,108,2.17,kW,40,S034,Attenuation / Average Power tablosu,2170,
P0480,CS-LDF2-50,150,1.83,kW,40,S034,Attenuation / Average Power tablosu,1830,
P0481,CS-LDF2-50,174,1.69,kW,40,S034,Attenuation / Average Power tablosu,1690,
P0482,CS-LDF2-50,200,1.57,kW,40,S034,Attenuation / Average Power tablosu,1570,
P0483,CS-LDF2-50,300,1.27,kW,40,S034,Attenuation / Average Power tablosu,1270,
P0484,CS-LDF2-50,400,1.09,kW,40,S034,Attenuation / Average Power tablosu,1090,
P0485,CS-LDF2-50,450,1.03,kW,40,S034,Attenuation / Average Power tablosu,1030,
P0486,CS-LDF2-50,500,0.97,kW,40,S034,Attenuation / Average Power tablosu,970,
P0487,CS-LDF2-50,512,0.96,kW,40,S034,Attenuation / Average Power tablosu,960,
P0488,CS-LDF2-50,600,0.88,kW,40,S034,Attenuation / Average Power tablosu,880,
P0489,CS-LDF2-50,700,0.81,kW,40,S034,Attenuation / Average Power tablosu,810,
P0490,CS-LDF2-50,800,0.75,kW,40,S034,Attenuation / Average Power tablosu,750,
P0491,CS-LDF2-50,824,0.74,kW,40,S034,Attenuation / Average Power tablosu,740,
P0492,CS-LDF2-50,894,0.71,kW,40,S034,Attenuation / Average Power tablosu,710,
P0493,CS-LDF2-50,960,0.68,kW,40,S034,Attenuation / Average Power tablosu,680,
P0494,CS-LDF2-50,1000,0.67,kW,40,S034,Attenuation / Average Power tablosu,670,
P0495,CS-LDF2-50,1250,0.59,kW,40,S034,Attenuation / Average Power tablosu,590,
P0496,CS-LDF2-50,1500,0.53,kW,40,S034,Attenuation / Average Power tablosu,530,
P0497,CS-LDF2-50,1700,0.5,kW,40,S034,Attenuation / Average Power tablosu,500,
P0498,CS-LDF2-50,1800,0.48,kW,40,S034,Attenuation / Average Power tablosu,480,
P0499,CS-LDF2-50,2000,0.45,kW,40,S034,Attenuation / Average Power tablosu,450,
P0500,CS-LDF2-50,2100,0.44,kW,40,S034,Attenuation / Average Power tablosu,440,
P0501,CS-LDF2-50,2200,0.43,kW,40,S034,Attenuation / Average Power tablosu,430,
P0502,CS-LDF2-50,2300,0.42,kW,40,S034,Attenuation / Average Power tablosu,420,
P0503,CS-LDF2-50,2500,0.4,kW,40,S034,Attenuation / Average Power tablosu,400,
P0504,CS-LDF2-50,2700,0.38,kW,40,S034,Attenuation / Average Power tablosu,380,
P0505,CS-LDF2-50,3000,0.36,kW,40,S034,Attenuation / Average Power tablosu,360,
P0506,CS-LDF2-50,3400,0.34,kW,40,S034,Attenuation / Average Power tablosu,340,
P0507,CS-LDF2-50,4000,0.31,kW,40,S034,Attenuation / Average Power tablosu,310,
P0508,CS-LDF2-50,5000,0.27,kW,40,S034,Attenuation / Average Power tablosu,270,
P0509,CS-LDF2-50,6000,0.24,kW,40,S034,Attenuation / Average Power tablosu,240,
P0510,CS-LDF2-50,8000,0.2,kW,40,S034,Attenuation / Average Power tablosu,200,
P0511,CS-LDF2-50,10000,0.18,kW,40,S034,Attenuation / Average Power tablosu,180,
P0512,CS-LDF2-50,12000,0.16,kW,40,S034,Attenuation / Average Power tablosu,160,
P0513,TMS-LMR500,30,4.4,kW,40,S001,Power Handling tablosu (+40°C),4400,
P0514,TMS-LMR500,50,3.4,kW,40,S001,Power Handling tablosu (+40°C),3400,
P0515,TMS-LMR500,150,1.9,kW,40,S001,Power Handling tablosu (+40°C),1900,
P0516,TMS-LMR500,220,1.6,kW,40,S001,Power Handling tablosu (+40°C),1600,
P0517,TMS-LMR500,450,1.1,kW,40,S001,Power Handling tablosu (+40°C),1100,
P0518,TMS-LMR500,700,0.85,kW,40,S001,Power Handling tablosu (+40°C),850,
P0519,TMS-LMR500,900,0.75,kW,40,S001,Power Handling tablosu (+40°C),750,
P0520,TMS-LMR500,1500,0.57,kW,40,S001,Power Handling tablosu (+40°C),570,
P0521,TMS-LMR500,2000,0.49,kW,40,S001,Power Handling tablosu (+40°C),490,
P0522,TMS-LMR500,2500,0.43,kW,40,S001,Power Handling tablosu (+40°C),430,
P0523,MP-HYPERFLEX13,1.8,14681,W,40,S027,ATTENUATION (20°C) / POWER HANDLING (40°C),14681,
P0524,MP-HYPERFLEX13,3.5,12650,W,40,S027,ATTENUATION (20°C) / POWER HANDLING (40°C),12650,
P0525,MP-HYPERFLEX13,7,9880,W,40,S027,ATTENUATION (20°C) / POWER HANDLING (40°C),9880,
P0526,MP-HYPERFLEX13,10,8321,W,40,S027,ATTENUATION (20°C) / POWER HANDLING (40°C),8321,
P0527,MP-HYPERFLEX13,14,7130,W,40,S027,ATTENUATION (20°C) / POWER HANDLING (40°C),7130,
P0528,MP-HYPERFLEX13,21,5732,W,40,S027,ATTENUATION (20°C) / POWER HANDLING (40°C),5732,
P0529,MP-HYPERFLEX13,28,4962,W,40,S027,ATTENUATION (20°C) / POWER HANDLING (40°C),4962,
P0530,MP-HYPERFLEX13,50,3873,W,40,S027,ATTENUATION (20°C) / POWER HANDLING (40°C),3873,
P0531,MP-HYPERFLEX13,100,2795,W,40,S027,ATTENUATION (20°C) / POWER HANDLING (40°C),2795,
P0532,MP-HYPERFLEX13,144,2396,W,40,S027,ATTENUATION (20°C) / POWER HANDLING (40°C),2396,
P0533,MP-HYPERFLEX13,200,2150,W,40,S027,ATTENUATION (20°C) / POWER HANDLING (40°C),2150,
P0534,MP-HYPERFLEX13,400,1486,W,40,S027,ATTENUATION (20°C) / POWER HANDLING (40°C),1486,
P0535,MP-HYPERFLEX13,430,1435,W,40,S027,ATTENUATION (20°C) / POWER HANDLING (40°C),1435,
P0536,MP-HYPERFLEX13,800,1022,W,40,S027,ATTENUATION (20°C) / POWER HANDLING (40°C),1022,
P0537,MP-HYPERFLEX13,1000,907,W,40,S027,ATTENUATION (20°C) / POWER HANDLING (40°C),907,
P0538,MP-HYPERFLEX13,1296,786,W,40,S027,ATTENUATION (20°C) / POWER HANDLING (40°C),786,
P0539,MP-HYPERFLEX13,2400,552,W,40,S027,ATTENUATION (20°C) / POWER HANDLING (40°C),552,
P0540,MP-HYPERFLEX13,3000,487,W,40,S027,ATTENUATION (20°C) / POWER HANDLING (40°C),487,
P0541,MP-HYPERFLEX13,4000,410,W,40,S027,ATTENUATION (20°C) / POWER HANDLING (40°C),410,
P0542,MP-HYPERFLEX13,5000,358,W,40,S027,ATTENUATION (20°C) / POWER HANDLING (40°C),358,
P0543,MP-HYPERFLEX13,6000,320,W,40,S027,ATTENUATION (20°C) / POWER HANDLING (40°C),320,
P0544,MP-HYPERFLEX13,8000,266,W,40,S027,ATTENUATION (20°C) / POWER HANDLING (40°C),266,
P0545,MP-HYPERFLEX13,10000,227,W,40,S027,ATTENUATION (20°C) / POWER HANDLING (40°C),227,
P0546,MP-HYPERFLEX13,12000,200,W,40,S027,ATTENUATION (20°C) / POWER HANDLING (40°C),200,
P0547,SSB-ECOFLEX15,10,6450,W,40,S050,Max. power handling (W @ 40°C),6450,
P0548,SSB-ECOFLEX15,100,1970,W,40,S050,Max. power handling (W @ 40°C),1970,
P0549,SSB-ECOFLEX15,500,830,W,40,S050,Max. power handling (W @ 40°C),830,
P0550,SSB-ECOFLEX15,1000,560,W,40,S050,Max. power handling (W @ 40°C),560,
P0551,SSB-ECOFLEX15,2000,380,W,40,S050,Max. power handling (W @ 40°C),380,
P0552,SSB-ECOFLEX15,3000,300,W,40,S050,Max. power handling (W @ 40°C),300,
P0553,SSB-ECOFLEX15,4000,250,W,40,S050,Max. power handling (W @ 40°C),250,
P0554,SSB-ECOFLEX15,6000,190,W,40,S050,Max. power handling (W @ 40°C),190,
P0555,TMS-LMR600,30,5.5,kW,40,S001,Power Handling tablosu (+40°C),5500,
P0556,TMS-LMR600,50,4.3,kW,40,S001,Power Handling tablosu (+40°C),4300,
P0557,TMS-LMR600,150,2.4,kW,40,S001,Power Handling tablosu (+40°C),2400,
P0558,TMS-LMR600,220,1.9,kW,40,S001,Power Handling tablosu (+40°C),1900,
P0559,TMS-LMR600,450,1.3,kW,40,S001,Power Handling tablosu (+40°C),1300,
P0560,TMS-LMR600,700,1.1,kW,40,S001,Power Handling tablosu (+40°C),1100,
P0561,TMS-LMR600,900,0.93,kW,40,S001,Power Handling tablosu (+40°C),930,
P0562,TMS-LMR600,1500,0.7,kW,40,S001,Power Handling tablosu (+40°C),700,
P0563,TMS-LMR600,2000,0.59,kW,40,S001,Power Handling tablosu (+40°C),590,
P0564,TMS-LMR600,2500,0.52,kW,40,S001,Power Handling tablosu (+40°C),520,
P0565,CS-LDF4-50A,1,36.11,kW,40,S011,Attenuation tablosu - Average Power (40°C ortam),36110,
P0566,CS-LDF4-50A,1.5,29.46,kW,40,S011,Attenuation tablosu - Average Power (40°C ortam),29460,
P0567,CS-LDF4-50A,2,25.5,kW,40,S011,Attenuation tablosu - Average Power (40°C ortam),25500,
P0568,CS-LDF4-50A,10,11.35,kW,40,S011,Attenuation tablosu - Average Power (40°C ortam),11350,
P0569,CS-LDF4-50A,20,7.99,kW,40,S011,Attenuation tablosu - Average Power (40°C ortam),7990,
P0570,CS-LDF4-50A,30,6.51,kW,40,S011,Attenuation tablosu - Average Power (40°C ortam),6510,
P0571,CS-LDF4-50A,50,5.02,kW,40,S011,Attenuation tablosu - Average Power (40°C ortam),5020,
P0572,CS-LDF4-50A,85,3.82,kW,40,S011,Attenuation tablosu - Average Power (40°C ortam),3820,
P0573,CS-LDF4-50A,88,3.76,kW,40,S011,Attenuation tablosu - Average Power (40°C ortam),3760,
P0574,CS-LDF4-50A,100,3.52,kW,40,S011,Attenuation tablosu - Average Power (40°C ortam),3520,
P0575,CS-LDF4-50A,108,3.38,kW,40,S011,Attenuation tablosu - Average Power (40°C ortam),3380,
P0576,CS-LDF4-50A,150,2.85,kW,40,S011,Attenuation tablosu - Average Power (40°C ortam),2850,
P0577,CS-LDF4-50A,174,2.64,kW,40,S011,Attenuation tablosu - Average Power (40°C ortam),2640,
P0578,CS-LDF4-50A,200,2.46,kW,40,S011,Attenuation tablosu - Average Power (40°C ortam),2460,
P0579,CS-LDF4-50A,204,2.43,kW,40,S011,Attenuation tablosu - Average Power (40°C ortam),2430,
P0580,CS-LDF4-50A,300,1.99,kW,40,S011,Attenuation tablosu - Average Power (40°C ortam),1990,
P0581,CS-LDF4-50A,400,1.71,kW,40,S011,Attenuation tablosu - Average Power (40°C ortam),1710,
P0582,CS-LDF4-50A,450,1.61,kW,40,S011,Attenuation tablosu - Average Power (40°C ortam),1610,
P0583,CS-LDF4-50A,460,1.59,kW,40,S011,Attenuation tablosu - Average Power (40°C ortam),1590,
P0584,CS-LDF4-50A,500,1.52,kW,40,S011,Attenuation tablosu - Average Power (40°C ortam),1520,
P0585,CS-LDF4-50A,512,1.5,kW,40,S011,Attenuation tablosu - Average Power (40°C ortam),1500,
P0586,CS-LDF4-50A,600,1.38,kW,40,S011,Attenuation tablosu - Average Power (40°C ortam),1380,
P0587,CS-LDF4-50A,700,1.27,kW,40,S011,Attenuation tablosu - Average Power (40°C ortam),1270,
P0588,CS-LDF4-50A,800,1.18,kW,40,S011,Attenuation tablosu - Average Power (40°C ortam),1180,
P0589,CS-LDF4-50A,824,1.16,kW,40,S011,Attenuation tablosu - Average Power (40°C ortam),1160,
P0590,CS-LDF4-50A,894,1.11,kW,40,S011,Attenuation tablosu - Average Power (40°C ortam),1110,
P0591,CS-LDF4-50A,960,1.07,kW,40,S011,Attenuation tablosu - Average Power (40°C ortam),1070,
P0592,CS-LDF4-50A,1000,1.05,kW,40,S011,Attenuation tablosu - Average Power (40°C ortam),1050,
P0593,CS-LDF4-50A,1218,0.94,kW,40,S011,Attenuation tablosu - Average Power (40°C ortam),940,
P0594,CS-LDF4-50A,1250,0.93,kW,40,S011,Attenuation tablosu - Average Power (40°C ortam),930,
P0595,CS-LDF4-50A,1500,0.84,kW,40,S011,Attenuation tablosu - Average Power (40°C ortam),840,
P0596,CS-LDF4-50A,1700,0.78,kW,40,S011,Attenuation tablosu - Average Power (40°C ortam),780,
P0597,CS-LDF4-50A,1794,0.76,kW,40,S011,Attenuation tablosu - Average Power (40°C ortam),760,
P0598,CS-LDF4-50A,1800,0.76,kW,40,S011,Attenuation tablosu - Average Power (40°C ortam),760,
P0599,CS-LDF4-50A,2000,0.72,kW,40,S011,Attenuation tablosu - Average Power (40°C ortam),720,
P0600,CS-LDF4-50A,2100,0.7,kW,40,S011,Attenuation tablosu - Average Power (40°C ortam),700,
P0601,CS-LDF4-50A,2200,0.68,kW,40,S011,Attenuation tablosu - Average Power (40°C ortam),680,
P0602,CS-LDF4-50A,2300,0.66,kW,40,S011,Attenuation tablosu - Average Power (40°C ortam),660,
P0603,CS-LDF4-50A,2500,0.63,kW,40,S011,Attenuation tablosu - Average Power (40°C ortam),630,
P0604,CS-LDF4-50A,2700,0.6,kW,40,S011,Attenuation tablosu - Average Power (40°C ortam),600,
P0605,CS-LDF4-50A,3000,0.57,kW,40,S011,Attenuation tablosu - Average Power (40°C ortam),570,
P0606,CS-LDF4-50A,3400,0.53,kW,40,S011,Attenuation tablosu - Average Power (40°C ortam),530,
P0607,CS-LDF4-50A,3600,0.51,kW,40,S011,Attenuation tablosu - Average Power (40°C ortam),510,
P0608,CS-LDF4-50A,3700,0.5,kW,40,S011,Attenuation tablosu - Average Power (40°C ortam),500,
P0609,CS-LDF4-50A,3800,0.5,kW,40,S011,Attenuation tablosu - Average Power (40°C ortam),500,
P0610,CS-LDF4-50A,3900,0.49,kW,40,S011,Attenuation tablosu - Average Power (40°C ortam),490,
P0611,CS-LDF4-50A,4000,0.48,kW,40,S011,Attenuation tablosu - Average Power (40°C ortam),480,
P0612,CS-LDF4-50A,4100,0.48,kW,40,S011,Attenuation tablosu - Average Power (40°C ortam),480,
P0613,CS-LDF4-50A,4200,0.47,kW,40,S011,Attenuation tablosu - Average Power (40°C ortam),470,
P0614,CS-LDF4-50A,4300,0.46,kW,40,S011,Attenuation tablosu - Average Power (40°C ortam),460,
P0615,CS-LDF4-50A,4400,0.46,kW,40,S011,Attenuation tablosu - Average Power (40°C ortam),460,
P0616,CS-LDF4-50A,4500,0.45,kW,40,S011,Attenuation tablosu - Average Power (40°C ortam),450,
P0617,CS-LDF4-50A,4600,0.44,kW,40,S011,Attenuation tablosu - Average Power (40°C ortam),440,
P0618,CS-LDF4-50A,4700,0.44,kW,40,S011,Attenuation tablosu - Average Power (40°C ortam),440,
P0619,CS-LDF4-50A,4800,0.43,kW,40,S011,Attenuation tablosu - Average Power (40°C ortam),430,
P0620,CS-LDF4-50A,4900,0.43,kW,40,S011,Attenuation tablosu - Average Power (40°C ortam),430,
P0621,CS-LDF4-50A,5000,0.42,kW,40,S011,Attenuation tablosu - Average Power (40°C ortam),420,
P0622,CS-LDF4-50A,6000,0.38,kW,40,S011,Attenuation tablosu - Average Power (40°C ortam),380,
P0623,CS-LDF4-50A,8000,0.32,kW,40,S011,Attenuation tablosu - Average Power (40°C ortam),320,
P0624,CS-LDF4-50A,8800,0.3,kW,40,S011,Attenuation tablosu - Average Power (40°C ortam),300,
P0625,TMS-LMR900,30,8.9,kW,40,S001,Power Handling tablosu (+40°C),8900,
P0626,TMS-LMR900,50,6.8,kW,40,S001,Power Handling tablosu (+40°C),6800,
P0627,TMS-LMR900,150,3.9,kW,40,S001,Power Handling tablosu (+40°C),3900,
P0628,TMS-LMR900,220,3.2,kW,40,S001,Power Handling tablosu (+40°C),3200,
P0629,TMS-LMR900,450,2.2,kW,40,S001,Power Handling tablosu (+40°C),2200,
P0630,TMS-LMR900,700,1.7,kW,40,S001,Power Handling tablosu (+40°C),1700,
P0631,TMS-LMR900,900,1.5,kW,40,S001,Power Handling tablosu (+40°C),1500,
P0632,TMS-LMR900,1500,1.1,kW,40,S001,Power Handling tablosu (+40°C),1100,
P0633,TMS-LMR900,2000,1,kW,40,S001,Power Handling tablosu (+40°C),1000,
P0634,TMS-LMR900,2500,0.9,kW,40,S001,Power Handling tablosu (+40°C),900,
P0635,TMS-LMR1200,30,12.6,kW,40,S001,Power Handling tablosu (+40°C),12600,
P0636,TMS-LMR1200,50,9.7,kW,40,S001,Power Handling tablosu (+40°C),9700,
P0637,TMS-LMR1200,150,5.5,kW,40,S001,Power Handling tablosu (+40°C),5500,
P0638,TMS-LMR1200,220,4.5,kW,40,S001,Power Handling tablosu (+40°C),4500,
P0639,TMS-LMR1200,450,3.1,kW,40,S001,Power Handling tablosu (+40°C),3100,
P0640,TMS-LMR1200,700,2.4,kW,40,S001,Power Handling tablosu (+40°C),2400,
P0641,TMS-LMR1200,900,2.1,kW,40,S001,Power Handling tablosu (+40°C),2100,
P0642,TMS-LMR1200,1500,1.6,kW,40,S001,Power Handling tablosu (+40°C),1600,
P0643,TMS-LMR1200,2000,1.3,kW,40,S001,Power Handling tablosu (+40°C),1300,
P0644,TMS-LMR1200,2500,1.2,kW,40,S001,Power Handling tablosu (+40°C),1200,
P0645,CS-LDF5-50A,0.5,91,kW,40,S035,Attenuation and Average Power Ratings,91000,
P0646,CS-LDF5-50A,1,79.19,kW,40,S035,Attenuation and Average Power Ratings,79190,
P0647,CS-LDF5-50A,1.5,64.6,kW,40,S035,Attenuation and Average Power Ratings,64600,
P0648,CS-LDF5-50A,2,55.89,kW,40,S035,Attenuation and Average Power Ratings,55890,
P0649,CS-LDF5-50A,10,24.81,kW,40,S035,Attenuation and Average Power Ratings,24810,
P0650,CS-LDF5-50A,20,17.44,kW,40,S035,Attenuation and Average Power Ratings,17440,
P0651,CS-LDF5-50A,30,14.18,kW,40,S035,Attenuation and Average Power Ratings,14180,
P0652,CS-LDF5-50A,50,10.91,kW,40,S035,Attenuation and Average Power Ratings,10910,
P0653,CS-LDF5-50A,88,8.14,kW,40,S035,Attenuation and Average Power Ratings,8140,
P0654,CS-LDF5-50A,100,7.62,kW,40,S035,Attenuation and Average Power Ratings,7620,
P0655,CS-LDF5-50A,108,7.32,kW,40,S035,Attenuation and Average Power Ratings,7320,
P0656,CS-LDF5-50A,150,6.16,kW,40,S035,Attenuation and Average Power Ratings,6160,
P0657,CS-LDF5-50A,174,5.7,kW,40,S035,Attenuation and Average Power Ratings,5700,
P0658,CS-LDF5-50A,200,5.3,kW,40,S035,Attenuation and Average Power Ratings,5300,
P0659,CS-LDF5-50A,300,4.27,kW,40,S035,Attenuation and Average Power Ratings,4270,
P0660,CS-LDF5-50A,400,3.66,kW,40,S035,Attenuation and Average Power Ratings,3660,
P0661,CS-LDF5-50A,450,3.43,kW,40,S035,Attenuation and Average Power Ratings,3430,
P0662,CS-LDF5-50A,500,3.24,kW,40,S035,Attenuation and Average Power Ratings,3240,
P0663,CS-LDF5-50A,512,3.2,kW,40,S035,Attenuation and Average Power Ratings,3200,
P0664,CS-LDF5-50A,600,2.93,kW,40,S035,Attenuation and Average Power Ratings,2930,
P0665,CS-LDF5-50A,700,2.69,kW,40,S035,Attenuation and Average Power Ratings,2690,
P0666,CS-LDF5-50A,800,2.5,kW,40,S035,Attenuation and Average Power Ratings,2500,
P0667,CS-LDF5-50A,824,2.46,kW,40,S035,Attenuation and Average Power Ratings,2460,
P0668,CS-LDF5-50A,860,2.4,kW,40,S035,Attenuation and Average Power Ratings,2400,
P0669,CS-LDF5-50A,894,2.35,kW,40,S035,Attenuation and Average Power Ratings,2350,
P0670,CS-LDF5-50A,960,2.26,kW,40,S035,Attenuation and Average Power Ratings,2260,
P0671,CS-LDF5-50A,1000,2.21,kW,40,S035,Attenuation and Average Power Ratings,2210,
P0672,CS-LDF5-50A,1250,1.95,kW,40,S035,Attenuation and Average Power Ratings,1950,
P0673,CS-LDF5-50A,1500,1.76,kW,40,S035,Attenuation and Average Power Ratings,1760,
P0674,CS-LDF5-50A,1640,1.67,kW,40,S035,Attenuation and Average Power Ratings,1670,
P0675,CS-LDF5-50A,1700,1.63,kW,40,S035,Attenuation and Average Power Ratings,1630,
P0676,CS-LDF5-50A,1800,1.58,kW,40,S035,Attenuation and Average Power Ratings,1580,
P0677,CS-LDF5-50A,2000,1.49,kW,40,S035,Attenuation and Average Power Ratings,1490,
P0678,CS-LDF5-50A,2100,1.44,kW,40,S035,Attenuation and Average Power Ratings,1440,
P0679,CS-LDF5-50A,2200,1.41,kW,40,S035,Attenuation and Average Power Ratings,1410,
P0680,CS-LDF5-50A,2300,1.37,kW,40,S035,Attenuation and Average Power Ratings,1370,
P0681,CS-LDF5-50A,2500,1.3,kW,40,S035,Attenuation and Average Power Ratings,1300,
P0682,CS-LDF5-50A,2700,1.25,kW,40,S035,Attenuation and Average Power Ratings,1250,
P0683,CS-LDF5-50A,3000,1.17,kW,40,S035,Attenuation and Average Power Ratings,1170,
P0684,CS-LDF5-50A,3300,1.11,kW,40,S035,Attenuation and Average Power Ratings,1110,
P0685,CS-LDF5-50A,3400,1.09,kW,40,S035,Attenuation and Average Power Ratings,1090,
P0686,CS-LDF5-50A,4000,0.98,kW,40,S035,Attenuation and Average Power Ratings,980,
P0687,CS-LDF5-50A,4900,0.87,kW,40,S035,Attenuation and Average Power Ratings,870,
P0688,CS-LDF5-50A,5000,0.86,kW,40,S035,Attenuation and Average Power Ratings,860,
P0689,TMS-LMR1700,30,20.3,kW,40,S001,Power Handling tablosu (+40°C),20300,
P0690,TMS-LMR1700,50,15.6,kW,40,S001,Power Handling tablosu (+40°C),15600,
P0691,TMS-LMR1700,150,8.7,kW,40,S001,Power Handling tablosu (+40°C),8700,
P0692,TMS-LMR1700,220,7.1,kW,40,S001,Power Handling tablosu (+40°C),7100,
P0693,TMS-LMR1700,450,4.8,kW,40,S001,Power Handling tablosu (+40°C),4800,
P0694,TMS-LMR1700,700,3.8,kW,40,S001,Power Handling tablosu (+40°C),3800,
P0695,TMS-LMR1700,900,3.3,kW,40,S001,Power Handling tablosu (+40°C),3300,
P0696,TMS-LMR1700,1500,2.4,kW,40,S001,Power Handling tablosu (+40°C),2400,
P0697,TMS-LMR1700,2000,2,kW,40,S001,Power Handling tablosu (+40°C),2000,
P0698,TMS-LMR1700,2500,1.8,kW,40,S001,Power Handling tablosu (+40°C),1800,
P0699,CS-LDF6-50,0.5,180.6,kW,40,S036,Attenuation and Average Power Ratings,180600,
P0700,CS-LDF6-50,1,127.5,kW,40,S036,Attenuation and Average Power Ratings,127500,
P0701,CS-LDF6-50,1.5,103.9,kW,40,S036,Attenuation and Average Power Ratings,103900,
P0702,CS-LDF6-50,2,89.9,kW,40,S036,Attenuation and Average Power Ratings,89900,
P0703,CS-LDF6-50,10,39.8,kW,40,S036,Attenuation and Average Power Ratings,39800,
P0704,CS-LDF6-50,20,27.9,kW,40,S036,Attenuation and Average Power Ratings,27900,
P0705,CS-LDF6-50,30,22.7,kW,40,S036,Attenuation and Average Power Ratings,22700,
P0706,CS-LDF6-50,50,17.4,kW,40,S036,Attenuation and Average Power Ratings,17400,
P0707,CS-LDF6-50,88,13,kW,40,S036,Attenuation and Average Power Ratings,13000,
P0708,CS-LDF6-50,100,12.1,kW,40,S036,Attenuation and Average Power Ratings,12100,
P0709,CS-LDF6-50,108,11.6,kW,40,S036,Attenuation and Average Power Ratings,11600,
P0710,CS-LDF6-50,150,9.77,kW,40,S036,Attenuation and Average Power Ratings,9770,
P0711,CS-LDF6-50,174,9.03,kW,40,S036,Attenuation and Average Power Ratings,9030,
P0712,CS-LDF6-50,200,8.38,kW,40,S036,Attenuation and Average Power Ratings,8380,
P0713,CS-LDF6-50,300,6.73,kW,40,S036,Attenuation and Average Power Ratings,6730,
P0714,CS-LDF6-50,400,5.74,kW,40,S036,Attenuation and Average Power Ratings,5740,
P0715,CS-LDF6-50,450,5.38,kW,40,S036,Attenuation and Average Power Ratings,5380,
P0716,CS-LDF6-50,500,5.08,kW,40,S036,Attenuation and Average Power Ratings,5080,
P0717,CS-LDF6-50,512,5.01,kW,40,S036,Attenuation and Average Power Ratings,5010,
P0718,CS-LDF6-50,600,4.58,kW,40,S036,Attenuation and Average Power Ratings,4580,
P0719,CS-LDF6-50,700,4.2,kW,40,S036,Attenuation and Average Power Ratings,4200,
P0720,CS-LDF6-50,800,3.89,kW,40,S036,Attenuation and Average Power Ratings,3890,
P0721,CS-LDF6-50,824,3.83,kW,40,S036,Attenuation and Average Power Ratings,3830,
P0722,CS-LDF6-50,894,3.65,kW,40,S036,Attenuation and Average Power Ratings,3650,
P0723,CS-LDF6-50,960,3.51,kW,40,S036,Attenuation and Average Power Ratings,3510,
P0724,CS-LDF6-50,1000,3.43,kW,40,S036,Attenuation and Average Power Ratings,3430,
P0725,CS-LDF6-50,1250,3.01,kW,40,S036,Attenuation and Average Power Ratings,3010,
P0726,CS-LDF6-50,1500,2.7,kW,40,S036,Attenuation and Average Power Ratings,2700,
P0727,CS-LDF6-50,1700,2.51,kW,40,S036,Attenuation and Average Power Ratings,2510,
P0728,CS-LDF6-50,2000,2.28,kW,40,S036,Attenuation and Average Power Ratings,2280,
P0729,CS-LDF6-50,2300,2.09,kW,40,S036,Attenuation and Average Power Ratings,2090,
P0730,CS-LDF6-50,3000,1.78,kW,40,S036,Attenuation and Average Power Ratings,1780,
P0731,CS-LDF6-50,3300,1.67,kW,40,S036,Attenuation and Average Power Ratings,1670,
P0732,CS-LDF7-50A,0.5,247.32,kW,40,S037,Attenuation and Average Power Ratings,247320,
P0733,CS-LDF7-50A,1,174.51,kW,40,S037,Attenuation and Average Power Ratings,174510,
P0734,CS-LDF7-50A,1.5,142.26,kW,40,S037,Attenuation and Average Power Ratings,142260,
P0735,CS-LDF7-50A,2,123.03,kW,40,S037,Attenuation and Average Power Ratings,123030,
P0736,CS-LDF7-50A,10,54.34,kW,40,S037,Attenuation and Average Power Ratings,54340,
P0737,CS-LDF7-50A,20,38.07,kW,40,S037,Attenuation and Average Power Ratings,38070,
P0738,CS-LDF7-50A,30,30.86,kW,40,S037,Attenuation and Average Power Ratings,30860,
P0739,CS-LDF7-50A,50,23.64,kW,40,S037,Attenuation and Average Power Ratings,23640,
P0740,CS-LDF7-50A,88,17.54,kW,40,S037,Attenuation and Average Power Ratings,17540,
P0741,CS-LDF7-50A,100,16.38,kW,40,S037,Attenuation and Average Power Ratings,16380,
P0742,CS-LDF7-50A,108,15.72,kW,40,S037,Attenuation and Average Power Ratings,15720,
P0743,CS-LDF7-50A,150,13.18,kW,40,S037,Attenuation and Average Power Ratings,13180,
P0744,CS-LDF7-50A,174,12.16,kW,40,S037,Attenuation and Average Power Ratings,12160,
P0745,CS-LDF7-50A,200,11.27,kW,40,S037,Attenuation and Average Power Ratings,11270,
P0746,CS-LDF7-50A,300,9.01,kW,40,S037,Attenuation and Average Power Ratings,9010,
P0747,CS-LDF7-50A,400,7.67,kW,40,S037,Attenuation and Average Power Ratings,7670,
P0748,CS-LDF7-50A,450,7.18,kW,40,S037,Attenuation and Average Power Ratings,7180,
P0749,CS-LDF7-50A,500,6.76,kW,40,S037,Attenuation and Average Power Ratings,6760,
P0750,CS-LDF7-50A,512,6.67,kW,40,S037,Attenuation and Average Power Ratings,6670,
P0751,CS-LDF7-50A,600,6.09,kW,40,S037,Attenuation and Average Power Ratings,6090,
P0752,CS-LDF7-50A,700,5.57,kW,40,S037,Attenuation and Average Power Ratings,5570,
P0753,CS-LDF7-50A,800,5.15,kW,40,S037,Attenuation and Average Power Ratings,5150,
P0754,CS-LDF7-50A,824,5.06,kW,40,S037,Attenuation and Average Power Ratings,5060,
P0755,CS-LDF7-50A,860,4.94,kW,40,S037,Attenuation and Average Power Ratings,4940,
P0756,CS-LDF7-50A,894,4.83,kW,40,S037,Attenuation and Average Power Ratings,4830,
P0757,CS-LDF7-50A,960,4.63,kW,40,S037,Attenuation and Average Power Ratings,4630,
P0758,CS-LDF7-50A,1000,4.52,kW,40,S037,Attenuation and Average Power Ratings,4520,
P0759,CS-LDF7-50A,1250,3.95,kW,40,S037,Attenuation and Average Power Ratings,3950,
P0760,CS-LDF7-50A,1500,3.54,kW,40,S037,Attenuation and Average Power Ratings,3540,
P0761,CS-LDF7-50A,1640,3.35,kW,40,S037,Attenuation and Average Power Ratings,3350,
P0762,CS-LDF7-50A,1700,3.28,kW,40,S037,Attenuation and Average Power Ratings,3280,
P0763,CS-LDF7-50A,1800,3.16,kW,40,S037,Attenuation and Average Power Ratings,3160,
P0764,CS-LDF7-50A,2000,2.96,kW,40,S037,Attenuation and Average Power Ratings,2960,
P0765,CS-LDF7-50A,2100,2.88,kW,40,S037,Attenuation and Average Power Ratings,2880,
P0766,CS-LDF7-50A,2200,2.79,kW,40,S037,Attenuation and Average Power Ratings,2790,
P0767,CS-LDF7-50A,2300,2.72,kW,40,S037,Attenuation and Average Power Ratings,2720,
P0768,CS-LDF7-50A,2500,2.58,kW,40,S037,Attenuation and Average Power Ratings,2580,
P0769,BEL-83264,50,1250,W,,S043,Attenuation / Power Rating tabloları,1250,
P0770,BEL-83264,100,865,W,,S043,Attenuation / Power Rating tabloları,865,
P0771,BEL-83264,200,599,W,,S043,Attenuation / Power Rating tabloları,599,
P0772,BEL-83264,400,415,W,,S043,Attenuation / Power Rating tabloları,415,
P0773,BEL-83264,700,308,W,,S043,Attenuation / Power Rating tabloları,308,
P0774,BEL-83264,900,270,W,,S043,Attenuation / Power Rating tabloları,270,
P0775,BEL-83264,1000,255,W,,S043,Attenuation / Power Rating tabloları,255,
