source_id,publisher,document_title,part_number,revision,document_date,host,url,accessed,local_file,notes
S000,TA3HX (o dönemki çağrı işareti TA3HRJ),50 ohm Cable - Nominal attenuation of 30.5 metres (100ft),-,-,-,Kullanıcı,,2026-10-08,data/legacy/TA3HRJ - Coaxial_Cable_Attenuation_Chart.xlsx,Orijinal elle derlenmiş tablo. Bant aralığı sütunları (ör. 148-174 MHz) tek frekansa bağlı değil.
S001,Times Microwave Systems (Amphenol),Communications Coax Selection Guide (katalog s.202-203),LMR serisi,-,2007-2008 (PDF tarihi),Distribütör kopyası (RF Parts),https://www.rfparts.com/old_site/pdf_docs/LMR/Coax_Selection_Guide.pdf,2026-10-08,kaynaklar/S001_TimesMicrowave_Coax_Selection_Guide.pdf,"LMR k1/k2 katsayıları (dB/100ft, f MHz, +25°C) bu belgeden. Tablodaki rakip kablo verileri 'Competitor's data as published', * işaretliler tahmini."
S002,Times Microwave Systems (Amphenol),LMR-400 Low Loss Flexible Coax Cable Data Sheet,LMR-400,REV 1.3,2020 (PDF 2023-09-29),Distribütör kopyası (Fairview Microwave),https://www.fairviewmicrowave.com/images/productPDF/LMR-400.pdf,2026-10-08,kaynaklar/S002_TimesMicrowave_LMR-400_Fairview.pdf,timesmicrowave.com doğrudan erişime 403 döndü; Fairview kopyası kullanıldı.
S003,Times Microwave Systems (Amphenol),LMR-240 Low Loss Flexible Coax Cable Data Sheet,LMR-240,-,2023 (PDF 2024-06-27),Distribütör kopyası (Fairview Microwave),https://www.fairviewmicrowave.com/images/productPDF/LMR-240.pdf,2026-10-08,kaynaklar/S003_TimesMicrowave_LMR-240_Fairview.pdf,
S004,Belden,Product: 8259 Technical Data,8259,0.533,2026-02-20,Üretici,https://catalog.belden.com/techdata/EN/8259_techdata.pdf,2026-10-08,kaynaklar/S004_Belden_8259.pdf,
S005,Belden,Product: 8267 Technical Data,8267,0.599,2026-02-20,Üretici,https://catalog.belden.com/techdata/EN/8267_techdata.pdf,2026-10-08,kaynaklar/S005_Belden_8267.pdf,
S006,Belden,Product: 8216 Technical Data,8216,0.540,2026-02-20,Üretici,https://catalog.belden.com/techdata/EN/8216_techdata.pdf,2026-10-08,kaynaklar/S006_Belden_8216.pdf,
S007,Belden,Product: 9258 Technical Data,9258,0.514,2026-02-20,Üretici,https://catalog.belden.com/techdata/EN/9258_techdata.pdf,2026-10-08,kaynaklar/S007_Belden_9258.pdf,
S008,Belden,Product: H155A01 Technical Data,H155A01,0.213,2026-02-20,Üretici,https://catalog.belden.com/techdata/EN/H155A01_techdata.pdf,2026-10-08,kaynaklar/S008_Belden_H155A01.pdf,PE kılıflı H155 (siyah). PVC kılıflı kardeşi H155A00.
S009,Messi & Paoloni,Hyperflex 10 - Full Datasheet ENG,Hyperflex 10,-,2021-02-08 (PDF tarihi),Üretici,https://messi.it/dati/layout/files/CartellaElementi/Hyperflex 10 - Full Datasheet ENG.pdf,2026-10-08,kaynaklar/S009_MessiPaoloni_Hyperflex10.pdf,"RigExpert'te barındırılan 2024 kopyasında güç değerleri farklı (1.8 MHz'de 5581 W, tepe 10 kW); hangisinin güncel olduğu doğrulanamadı. 8000/9000 MHz değerleri PDF metninde iç içe geçmiş; 44.2 ve 47.5 dB/100m olarak çözümlendi."
S010,Messi & Paoloni,Airborne 5 - Full Datasheet ENG,Airborne 5,-,2026-03-03 (PDF tarihi),Üretici,https://messi.it/dati/layout/files/CartellaElementi/Airborne 5 - Full Datasheet ENG.pdf,2026-10-08,kaynaklar/S010_MessiPaoloni_Airborne5.pdf,Örgü (braid) kaplama oranı PDF metninden okunamadı.
S011,CommScope,LDF4-50A HELIAX Low Density Foam Coaxial Cable - Product Specifications,LDF4-50A,"Revised June 12, 2020",2020-06-12,Distribütör kopyası (Tempest NS),https://www.tempestns.com/wp-content/uploads/2020/06/Commscope-LDF4-50A-data.pdf,2026-10-08,kaynaklar/S011_CommScope_LDF4-50A.pdf,commscope.com üzerindeki 115611 numaralı resmî bağlantı 404 döndü.
S012,Konnektör Sepeti (satıcı),N erkek - N erkek Koaksiyel Kablo LMR400/RWC400 - ürün sayfası,RWC400PE (stok kodu AUNN-155-RWC400),-,-,Satıcı ürün sayfası,https://www.konnektorsepeti.com/hazir-kablo/n-n-kablo/n-erkek-n-erkek-koaksiyel-kablo-lmr400-rwc400,2026-10-09,kaynaklar/S012_KonnektorSepeti_RWC400PE.txt,"Hazır N-N kablo ürün sayfası. Kablo üreticisi sayfada yazmıyor; teknik metin Reçber RWC 400 katalog sayfasıyla (S013) neredeyse birebir aynı. Farklar: empedans toleransı ±2 Ω (katalog ±3 Ω), korozif gaz standardı EN 50267-2-1/2 (katalog EN 60754-1/2). Sayfa metni 2026-10-09 tarihinde arşivlendi."
S013,Reçber Kablo,"Reçber Kablo Ürün Kataloğu - Koaksiyel Kablolar, RWC 400 (katalog s.71)",RWC 400 PE (ürün kodu 305064),-,2017-04-10 (PDF tarihi),Distribütör kopyası (Trimegs),https://www.trimegs.com/image/catalog/catalog-documents/recber-kablo-urun-katalogu.pdf,2026-10-09,kaynaklar/S013_Recber_Kablo_Urun_Katalogu.pdf,"222 sayfalık katalog; RWC 200 (s.69), RWC 240 (s.70), RWC 400 (s.71), RG 213 U (s.68). Zayıflama değerleri MAKSİMUM (20 °C). Kullanıcı satıcı stok kodundan (AUNN-155-RWC400) bu kataloğa ulaştı."
S014,Belden,Product: 83265 Technical Data,83265,0.506,2026-02-20,Üretici,https://catalog.belden.com/techdata/EN/83265_techdata.pdf,2026-10-09,kaynaklar/S014_Belden_83265.pdf,
S015,Belden,Product: 84316 Technical Data,84316,0.507,2026-02-20,Üretici,https://catalog.belden.com/techdata/EN/84316_techdata.pdf,2026-10-09,kaynaklar/S015_Belden_84316.pdf,
S016,Belden,Product: 83269 Technical Data,83269,0.509,2026-02-20,Üretici,https://catalog.belden.com/techdata/EN/83269_techdata.pdf,2026-10-09,kaynaklar/S016_Belden_83269.pdf,
S017,Belden,Product: 9273 Technical Data,9273,0.522,2026-02-20,Üretici,https://catalog.belden.com/techdata/EN/9273_techdata.pdf,2026-10-09,kaynaklar/S017_Belden_9273.pdf,
S018,Belden,Product: 83242 Technical Data,83242,0.515,2026-02-20,Üretici,https://catalog.belden.com/techdata/EN/83242_techdata.pdf,2026-10-09,kaynaklar/S018_Belden_83242.pdf,"400 MHz değeri (6.9 dB/100ft) komşularına göre düşük (200 MHz 5.6, 700 MHz 10.7); datasheet hatası olabilir - QA'da işaretli."
S019,Harbour Industries (Marmon A&D),M17/128-RG400 ürün sayfası,M17/128-RG400,-,-,Üretici web sayfası,https://marmon-ad.com/products/wire-cable/rf-cable/m17-series/m17-128-rg400,2026-10-09,kaynaklar/S019_Harbour_M17-128-RG400_Marmon.txt,Tipik zayıflama değerleri. Sayfa metni arşivlendi.
S020,Belden,Product: 8219 Technical Data,8219,0.534,2026-02-20,Üretici,https://catalog.belden.com/techdata/EN/8219_techdata.pdf,2026-10-09,kaynaklar/S020_Belden_8219.pdf,"Datasheet başlığı 50 Ω, nominal karakteristik empedans 54 Ω."
S021,Belden,Product: 9269 Technical Data,9269,0.488,2026-02-20,Üretici,https://catalog.belden.com/techdata/EN/9269_techdata.pdf,2026-10-09,kaynaklar/S021_Belden_9269.pdf,
S022,Belden,Product: 8268 Technical Data,8268,0.489,2026-02-20,Üretici,https://catalog.belden.com/techdata/EN/8268_techdata.pdf,2026-10-09,kaynaklar/S022_Belden_8268.pdf,
S023,Messi & Paoloni,Hyperflex 5 - Full Datasheet ENG,Hyperflex 5,-,2021-02-03 (PDF tarihi),Üretici,https://messi.it/dati/layout/files/CartellaElementi/Hyperflex 5 - Full Datasheet ENG.pdf,2026-10-09,kaynaklar/S023_MessiPaoloni_Hyperflex5.pdf,
S024,Messi & Paoloni,Ultraflex 7 - Full Datasheet ENG,Ultraflex 7,-,2026-03-03 (PDF tarihi),Üretici,https://messi.it/dati/layout/files/CartellaElementi/Ultraflex 7 - Full Datasheet ENG.pdf,2026-10-09,kaynaklar/S024_MessiPaoloni_Ultraflex7.pdf,
S025,Messi & Paoloni,Ultraflex 10 - Full Datasheet ENG,Ultraflex 10,-,2021-02-08 (PDF tarihi),Üretici,https://messi.it/dati/layout/files/CartellaElementi/Ultraflex 10 - Full Datasheet ENG.pdf,2026-10-09,kaynaklar/S025_MessiPaoloni_Ultraflex10.pdf,7000/8000 MHz satırları PDF metninde iç içe; 50.2 ve 55.8 dB/100m olarak çözümlendi (dB/100ft sütunu 15.3 / 17.0 ile tutarlı).
S026,Messi & Paoloni,Airborne 10 - Full Datasheet ENG,Airborne 10,-,2021-02-08 (PDF tarihi),Üretici,https://messi.it/dati/layout/files/CartellaElementi/Airborne 10 - Full Datasheet ENG.pdf,2026-10-09,kaynaklar/S026_MessiPaoloni_Airborne10.pdf,
S027,Messi & Paoloni,Hyperflex 13 - Full Datasheet ENG,Hyperflex 13,-,2023-06-15 (PDF tarihi),Üretici,https://messi.it/dati/layout/files/CartellaElementi/Hyperflex 13 - Full Datasheet ENG.pdf,2026-10-09,kaynaklar/S027_MessiPaoloni_Hyperflex13.pdf,
S028,Messi & Paoloni,50 Ohm Coaxial Cables & Connectors Catalog 2022 (s.17 karşılaştırma tablosu),"Ultraflex 13, RG 58 C/U, RG 213/U",2022,2022,Üretici,https://messi.it/dati/layout/files/cartellaelementi/50-ohm-coaxial-cables-connectors-catalog-2022-min.pdf,2026-10-09,kaynaklar/S028_MessiPaoloni_Catalog_2022.pdf,Ultraflex 13 datasheet bağlantısı 404 verdi; değerler katalogdaki karşılaştırma tablosundan (10-8000 MHz).
S029,RFS,"SCF14-50J 1/4"" CELLFLEX Superflexible Product Datasheet",SCF14-50J,REV A (13 Dec 2021),2021-12-13,Distribütör kopyası (SSB),https://www.ssb.de/media/scf14-50j.pdf,2026-10-09,kaynaklar/S029_RFS_SCF14-50J.pdf,
S030,RFS,"SCF38-50J 3/8"" CELLFLEX Superflexible Product Datasheet",SCF38-50J,REV A (08 Jan 2026),2026-01-08,Üretici,https://www.rfsworld.com/pim/product/pdf/SCF38-50J,2026-10-09,kaynaklar/S030_RFS_SCF38-50J.pdf,"75 MHz satırı hatalı (6.63 dB/100m, 100 MHz'teki 4.21'den büyük ve aynı satırdaki 1.10 dB/100ft ile çelişiyor) - alınmadı."
S031,Andrew / CommScope,FSJ1-50A Product Specifications,FSJ1-50A,-,2007 dönemi,Distribütör kopyası (RF Parts),https://www.rfparts.com/old_site/pdf_docs/AndrewHeliax/FSJ1-50A.pdf,2026-10-09,kaynaklar/S031_Andrew_FSJ1-50A.pdf,Kapasite '7940 pF/m' yazılmış; 24 pF/ft = 79 pF/m olmalı.
S032,Andrew / CommScope,FSJ2-50 Product Specification,FSJ2-50,-,2002-12-03,Distribütör kopyası (RF Parts),https://www.rfparts.com/old_site/pdf_docs/AndrewHeliax/FSJ2-50.pdf,2026-10-09,kaynaklar/S032_Andrew_FSJ2-50.pdf,
S033,Andrew / CommScope,FSJ4-50B Product Specification,FSJ4-50B,-,2004-06-30,Distribütör kopyası (RF Parts),https://www.rfparts.com/old_site/pdf_docs/AndrewHeliax/FSJ4-50B.pdf,2026-10-09,kaynaklar/S033_Andrew_FSJ4-50B.pdf,
S034,Andrew / CommScope,LDF2-50 Product Specifications,LDF2-50,-,2007-05-21,Distribütör kopyası (RF Parts),https://www.rfparts.com/old_site/pdf_docs/AndrewHeliax/LDF2-50.pdf,2026-10-09,kaynaklar/S034_Andrew_LDF2-50.pdf,Kapasite '7546 pF/m' yazılmış; 23 pF/ft = 75.5 pF/m olmalı.
S035,Andrew / CommScope,LDF5-50A Product Specification,LDF5-50A,-,2002-12-03,Topluluk arşivi (repeater-builder.com),https://www.repeater-builder.com/antenna/andrew/andrew-ldf5-50a-spec-sheet.pdf,2026-10-09,kaynaklar/S035_Andrew_LDF5-50A.pdf,commscope.com bağlantıları 404 verdi.
S036,Andrew / CommScope,LDF6-50 Product Specification,LDF6-50,-,2004-10-27,Distribütör kopyası (RF Parts),https://www.rfparts.com/old_site/pdf_docs/AndrewHeliax/LDF6-50.pdf,2026-10-09,kaynaklar/S036_Andrew_LDF6-50.pdf,
S037,Andrew / CommScope,LDF7-50A Product Specification,LDF7-50A,-,2003-03-26,Topluluk arşivi (repeater-builder.com),https://www.repeater-builder.com/antenna/andrew/andrew-ldf7-50a-spec-sheet.pdf,2026-10-09,kaynaklar/S037_Andrew_LDF7-50A.pdf,
S038,Belden,Product: 9914 Technical Data,9914,0.536,2026-02-20,Üretici,https://catalog.belden.com/techdata/EN/9914_techdata.pdf,2026-10-09,kaynaklar/S038_Belden_9914.pdf,
S039,Belden,Product: H1000C1 Technical Data,H1000C1,0.202,2026-02-20,Üretici,https://catalog.belden.com/techdata/EN/H1000C1_techdata.pdf,2026-10-09,kaynaklar/S039_Belden_H1000C1.pdf,Maksimum zayıflama nominalin %10 üstü.
S040,Davis RF (Orion Wire),BURY-FLEX ürün sayfası,BURY-FLEX,-,-,Distribütör web sayfası (RF Parts),https://www.rfparts.com/coax/coax-other/buryflex.html,2026-10-09,kaynaklar/S040_DavisRF_BuryFlex_RFParts.txt,Üretici datasheet'i bulunamadı; distribütör sayfası metni arşivlendi.
S041,Ericsson,Product Specification 1301-TZC 500 32 Uen,TZC 500 32,Rev K,2006-02-17,Distribütör kopyası (Selteq),https://selteq.com.ua/ru/wp-content/uploads/2022/04/TZC_500_32.pdf,2026-10-09,kaynaklar/S041_Ericsson_TZC50032.pdf,Zayıflama değerleri MAKSİMUM.
S042,Belirtilmemiş (işaret: 'HOMO ANTENNIUS 10D-FBS'),10D-FB numune spesifikasyonu,10D-FB,-,2020-03-17,Satıcı kopyası (insales.ru),https://static-sl.insales.ru/files/1/3139/14543939/original/10D-FB_PEEG_PE.pdf,2026-10-09,kaynaklar/S042_10D-FB_spec_2020.pdf,"10D-FB bir Japon boyut tanımıdır (JIS), tek üreticisi yok. Kaynaklar arasında iletken malzemesi farklı (bakır / CCA) - değerler tipe özgü değil, bu numuneye ait."
S043,Belden,Product: 83264 Technical Data,83264,0.506,2026-02-20,Üretici,https://catalog.belden.com/techdata/EN/83264_techdata.pdf,2026-10-09,kaynaklar/S043_Belden_83264.pdf,
S044,Belden,Product: 8263 Technical Data,8263,-,-,Üretici,https://catalog.belden.com/techdata/EN/8263_techdata.pdf,2026-10-09,kaynaklar/S044_Belden_8263.pdf,Eski Belden datasheet biçimi.
S045,Belden,Product: 1694A Technical Data,1694A,0.716,2026-05-27,Üretici,https://catalog.belden.com/techdata/EN/1694A_techdata.pdf,2026-10-09,kaynaklar/S045_Belden_1694A.pdf,
S046,Belden,Product: 9292 Technical Data,9292,0.422,2026-02-20,Üretici,https://catalog.belden.com/techdata/EN/9292_techdata.pdf,2026-10-09,kaynaklar/S046_Belden_9292.pdf,
S047,Belden,Product: 8261 Technical Data,8261,0.410,2026-02-20,Üretici,https://catalog.belden.com/techdata/EN/8261_techdata.pdf,2026-10-09,kaynaklar/S047_Belden_8261.pdf,
S048,SSB-Electronic,Ecoflex 10 Datenblatt (Technische Daten),Ecoflex 10,-,2009-08-04 (PDF tarihi),Distribütör kopyası (Conrad),https://asset.conrad.com/media10/add/160267/c1/-/de/000604979DS01/datasheet-604979-ssb-6085-coax-outside-diameter-1020-mm-ecoflex-10-50-90-db-black-sold-per-metre.pdf,2026-10-09,kaynaklar/S048_SSB_Ecoflex10.pdf,"Almanca. Güncel SSB/WiMo değerleri bu belgedekilerin yaklaşık 0.95 katı (ör. 144 MHz 4.9 -> 4.66, 1296 MHz 16.5 -> 15.68 dB/100m); SSB'nin güncel ürün sayfası erişilemedi, tam tablo ve güç verisi içeren bu datasheet kullanıldı."
S049,SSB-Electronic,"Aircell 7 (katalog sayfası, 2010)",Aircell 7,-,2010-11-22 (PDF tarihi),Topluluk arşivi (rigpix.com),https://www.rigpix.com/otherusefulinfo/coax/aircell7.pdf,2026-10-09,kaynaklar/S049_SSB_Aircell7.pdf,"Güncel SSB/WiMo değerleri bu belgedekilerin yaklaşık 0.95 katı (ör. 144 MHz 7.6 -> 7.22, 1 GHz 21.52 -> 20.44 dB/100m); SSB'nin güncel ürün sayfası erişilemedi, tam tablo ve güç verisi içeren bu datasheet kullanıldı."
S050,SSB-Electronic,"Ecoflex 15 (katalog sayfası, 2010)",Ecoflex 15,-,2010-11-22 (PDF tarihi),Topluluk arşivi (rigpix.com),https://www.rigpix.com/otherusefulinfo/coax/ecoflex15.pdf,2026-10-09,kaynaklar/S050_SSB_Ecoflex15.pdf,"Güncel WiMo değerleri (144 MHz 3.40, 1296 MHz 11.40 dB/100m) bu belgeyle aynı."
S051,SSB-Electronic,"Aircell 5 (katalog sayfası, 2010)",Aircell 5,-,2010-11-22 (PDF tarihi),Topluluk arşivi (rigpix.com),https://www.rigpix.com/otherusefulinfo/coax/aircell5.pdf,2026-10-09,kaynaklar/S051_SSB_Aircell5.pdf,"Güncel SSB/WiMo değerleri bu belgedekilerin yaklaşık 0.95 katı (ör. 1 GHz 31.09 -> 29.54, 144 MHz 11.33 -> 10.7 dB/100m); tam tablo ve güç verisi içeren bu belge kullanıldı."
S052,Westflex (Henry Westlake),WESTFLEX 103 Low Loss 50 Ohm Coaxial Cable - Technical Specification,Westflex 103,-,"2007-11-25 (PDF tarihi, değişiklik 2010-10-28)",Distribütör kopyası (Freebytes),https://www.freebytes.com/catalog/images/cables/westflex103/w103-data.pdf,2026-10-09,kaynaklar/S052_Westflex103.pdf,"PDF yazarı Henry Westlake (Westflex). Bazı satıcılar farklı veri veriyor: 9 mm, 1000 MHz'te 16.8 dB/100m (Moonraker) veya 18.0 dB/100m, VF 0.81 (Alltrade) - farklı üretim partisi/sürüm olabilir. Tablodaki 50-144 MHz değerleri birbiriyle tutarsız (QA)."
S053,Belden (veri: Dansk Mikrobølge Teknik),H2000-Flex - Kabel data for H 2000 Flex,H2000 Flex,-,2004-08-19 (PDF tarihi),"Distribütör veri sayfası, topluluk arşivi (on4kst.com)",http://www.on4kst.com/10el50/H2000.pdf,2026-10-09,kaynaklar/S053_Belden_H2000Flex_DMT.pdf,"Belden'in güncel kataloğunda H2000 Flex bulunamadı; Belden 2006 tarihli föyüne (YE00115) erişilemedi. Değerler satıcı sayfalarıyla tutarlı (PCS: 50 MHz 2.7, 100 MHz 3.9; koax24: 10 MHz 1.2, 100 MHz 3.8 dB/100m)."
